class_idx,class_name,species,order,support,TP,FP,FN,precision,recall,f1,accuracy,top5_recall,most_confused_with
519,Dark-eyed Junco (White-winged),Dark-eyed Junco,Perching Birds,9,0,0,9,0.0000,0.0000,0.0000,0.0000,0.7778,Dark-eyed Junco (Slate-colored) (8)
345,Chihuahuan Raven,Chihuahuan Raven,Perching Birds,27,0,1,27,0.0000,0.0000,0.0000,0.0000,0.9630,Common Raven (23)
280,"Broad-tailed Hummingbird (Female, immature)",Broad-tailed Hummingbird,Swifts and Hummingbirds,29,0,1,29,0.0000,0.0000,0.0000,0.0000,0.8276,"Calliope Hummingbird (Female, immature) (22)"
278,"Costa's Hummingbird (Female, immature)",Costa's Hummingbird,Swifts and Hummingbirds,21,0,0,21,0.0000,0.0000,0.0000,0.0000,1.0000,"Black-chinned Hummingbird (Female, immature) (9)"
351,Bank Swallow,Bank Swallow,Perching Birds,27,0,0,27,0.0000,0.0000,0.0000,0.0000,0.7037,Northern Rough-winged Swallow (17)
359,Boreal Chickadee,Boreal Chickadee,Perching Birds,42,0,0,42,0.0000,0.0000,0.0000,0.0000,0.8095,Chestnut-backed Chickadee (37)
343,Northwestern Crow,Northwestern Crow,Perching Birds,19,0,0,19,0.0000,0.0000,0.0000,0.0000,0.9474,American Crow (18)
230,Harlequin Duck (Female/juvenile),Harlequin Duck,"Ducks, Geese, and Swans",22,0,0,22,0.0000,0.0000,0.0000,0.0000,0.0455,White-winged Scoter (Female/juvenile) (16)
208,Western Gull (Immature),Western Gull,"Gulls, Terns, and Allies",26,0,0,26,0.0000,0.0000,0.0000,0.0000,0.7692,Herring Gull (Immature) (12)
228,Greater Scaup (Female/Eclipse male),Greater Scaup,"Ducks, Geese, and Swans",30,0,0,30,0.0000,0.0000,0.0000,0.0000,0.8000,Lesser Scaup (Female/Eclipse male) (24)
236,Barrow's Goldeneye (Female/Eclipse male),Barrow's Goldeneye,"Ducks, Geese, and Swans",25,0,0,25,0.0000,0.0000,0.0000,0.0000,0.6400,Common Goldeneye (Female/Eclipse male) (21)
100,Tundra Swan,Tundra Swan,"Ducks, Geese, and Swans",28,1,2,27,0.3333,0.0357,0.0645,0.0357,1.0000,Trumpeter Swan (24)
221,Cinnamon Teal (Female/juvenile),Cinnamon Teal,"Ducks, Geese, and Swans",20,1,0,19,1.0000,0.0500,0.0952,0.0500,0.9000,Green-winged Teal (Female/juvenile) (10)
377,Pacific Wren,Pacific Wren,Perching Birds,21,2,3,19,0.4000,0.0952,0.1538,0.0952,1.0000,Winter Wren (19)
26,Barrow's Goldeneye (Breeding male),Barrow's Goldeneye,"Ducks, Geese, and Swans",35,4,0,31,1.0000,0.1143,0.2051,0.1143,1.0000,Common Goldeneye (Breeding male) (29)
344,Fish Crow,Fish Crow,Perching Birds,30,5,10,25,0.3333,0.1667,0.2222,0.1667,0.9667,American Crow (19)
282,"Allen's Hummingbird (Female, immature)",Allen's Hummingbird,Swifts and Hummingbirds,41,6,3,35,0.6667,0.1463,0.2400,0.1463,1.0000,"Rufous Hummingbird (Female, immature) (31)"
220,Blue-winged Teal (Female/juvenile),Blue-winged Teal,"Ducks, Geese, and Swans",17,3,2,14,0.6000,0.1765,0.2727,0.1765,1.0000,Green-winged Teal (Female/juvenile) (8)
550,Fox Sparrow (Thick-billed/Slate-colored),Fox Sparrow,Perching Birds,16,3,0,13,1.0000,0.1875,0.3158,0.1875,1.0000,Fox Sparrow (Sooty) (11)
244,Pacific Loon (Nonbreeding/juvenile),Pacific Loon,Loons,27,6,5,21,0.5455,0.2222,0.3158,0.2222,1.0000,Common Loon (Nonbreeding/juvenile) (18)
471,Cordilleran Flycatcher,Cordilleran Flycatcher,Perching Birds,31,8,10,23,0.4444,0.2581,0.3265,0.2581,0.9677,Pacific-slope Flycatcher (18)
356,Black-capped Chickadee,Black-capped Chickadee,Perching Birds,60,13,4,47,0.7647,0.2167,0.3377,0.2167,0.9667,Carolina Chickadee (44)
115,Neotropic Cormorant,Neotropic Cormorant,"Frigatebirds, Boobies, Cormorants, Darters, and Allies",38,9,6,29,0.6000,0.2368,0.3396,0.2368,1.0000,Double-crested Cormorant (Immature) (16)
288,Swainson's Hawk (Immature),Swainson's Hawk,"Hawks, Kites, Eagles, and Allies",24,6,5,18,0.5455,0.2500,0.3429,0.2500,0.9167,Red-tailed Hawk (Light morph immature) (6)
209,California Gull (Immature),California Gull,"Gulls, Terns, and Allies",25,8,8,17,0.5000,0.3200,0.3902,0.3200,0.8400,Ring-billed Gull (Immature) (5)
186,Chimney Swift,Chimney Swift,Swifts and Hummingbirds,33,12,12,21,0.5000,0.3636,0.4211,0.3636,0.9697,Vaux's Swift (20)
262,Broad-winged Hawk (Immature),Broad-winged Hawk,"Hawks, Kites, Eagles, and Allies",29,10,5,19,0.6667,0.3448,0.4545,0.3448,0.9655,Broad-winged Hawk (Adult) (7)
87,Mew Gull,Mew Gull,"Gulls, Terns, and Allies",23,12,16,11,0.4286,0.5217,0.4706,0.5217,0.7826,Ring-billed Gull (Adult) (5)
251,Great Cormorant (Immature),Great Cormorant,"Frigatebirds, Boobies, Cormorants, Darters, and Allies",24,10,7,14,0.5882,0.4167,0.4878,0.4167,1.0000,Double-crested Cormorant (Immature) (12)
82,California Gull (Adult),California Gull,"Gulls, Terns, and Allies",41,16,7,25,0.6957,0.3902,0.5000,0.3902,0.9512,Ring-billed Gull (Adult) (11)
33,Red-throated Loon (Breeding),Red-throated Loon,Loons,12,4,0,8,1.0000,0.3333,0.5000,0.3333,1.0000,Red-throated Loon (Nonbreeding/juvenile) (3)
232,White-winged Scoter (Female/juvenile),White-winged Scoter,"Ducks, Geese, and Swans",30,17,20,13,0.4595,0.5667,0.5075,0.5667,1.0000,Surf Scoter (Female/immature) (5)
187,Vaux's Swift,Vaux's Swift,Swifts and Hummingbirds,28,17,21,11,0.4474,0.6071,0.5152,0.6071,1.0000,Chimney Swift (6)
487,Cassin's Vireo,Cassin's Vireo,Perching Birds,36,15,7,21,0.6818,0.4167,0.5172,0.4167,1.0000,Blue-headed Vireo (15)
281,"Rufous Hummingbird (Female, immature)",Rufous Hummingbird,Swifts and Hummingbirds,37,27,39,10,0.4091,0.7297,0.5243,0.7297,0.9459,"Calliope Hummingbird (Female, immature) (5)"
3,Swainson's Hawk (Dark morph ),Swainson's Hawk,"Hawks, Kites, Eagles, and Allies",30,16,15,14,0.5161,0.5333,0.5246,0.5333,0.7667,Swainson's Hawk (Light morph ) (5)
71,Rufous Hummingbird (Adult Male),Rufous Hummingbird,Swifts and Hummingbirds,50,25,19,25,0.5682,0.5000,0.5319,0.5000,1.0000,Allen's Hummingbird (Adult Male) (22)
61,Sanderling (Breeding),Sanderling,"Plovers, Sandpipers, and Allies",19,7,0,12,1.0000,0.3684,0.5385,0.3684,1.0000,Semipalmated Sandpiper (6)
18,Greater Scaup (Breeding male),Greater Scaup,"Ducks, Geese, and Swans",43,20,10,23,0.6667,0.4651,0.5479,0.4651,0.8837,Lesser Scaup (Breeding male) (13)
41,Great Cormorant (Adult),Great Cormorant,"Frigatebirds, Boobies, Cormorants, Darters, and Allies",40,16,2,24,0.8889,0.4000,0.5517,0.4000,0.9750,Double-crested Cormorant (Adult) (11)
276,"Black-chinned Hummingbird (Female, immature)",Black-chinned Hummingbird,Swifts and Hummingbirds,59,36,35,23,0.5070,0.6102,0.5538,0.6102,0.9661,"Ruby-throated Hummingbird (Female, immature) (12)"
501,American Crow,American Crow,Perching Birds,57,42,50,15,0.4565,0.7368,0.5638,0.7368,1.0000,Common Raven (7)
261,Red-shouldered Hawk (Immature),Red-shouldered Hawk,"Hawks, Kites, Eagles, and Allies",38,22,18,16,0.5500,0.5789,0.5641,0.5789,0.9211,Red-shouldered Hawk (Adult ) (5)
195,Red-naped Sapsucker,Red-naped Sapsucker,Woodpeckers,54,23,4,31,0.8519,0.4259,0.5679,0.4259,1.0000,Yellow-bellied Sapsucker (29)
414,Mourning Warbler,Mourning Warbler,Perching Birds,52,32,27,20,0.5424,0.6154,0.5766,0.6154,0.9038,MacGillivray's Warbler (11)
137,Red-tailed Hawk (Dark morph),Red-tailed Hawk,"Hawks, Kites, Eagles, and Allies",30,18,14,12,0.5625,0.6000,0.5806,0.6000,0.9667,Rough-legged Hawk (Dark morph) (4)
5,Snow Goose (White morph),Snow Goose,"Ducks, Geese, and Swans",26,14,8,12,0.6364,0.5385,0.5833,0.5385,1.0000,Ross's Goose (9)
52,Broad-winged Hawk (Adult),Broad-winged Hawk,"Hawks, Kites, Eagles, and Allies",26,18,17,8,0.5143,0.6923,0.5902,0.6923,0.9231,Cooper's Hawk (Adult) (3)
413,MacGillivray's Warbler,MacGillivray's Warbler,Perching Birds,46,24,11,22,0.6857,0.5217,0.5926,0.5217,1.0000,Mourning Warbler (21)
535,Hooded Oriole (Female/Immature male),Hooded Oriole,Perching Birds,35,19,10,16,0.6552,0.5429,0.5938,0.5429,0.9714,Orchard Oriole (Female/Juvenile) (7)
515,White-throated Sparrow (Tan-striped/immature),White-throated Sparrow,Perching Birds,45,21,3,24,0.8750,0.4667,0.6087,0.4667,1.0000,White-throated Sparrow (White-striped) (23)
202,"Black Guillemot (Nonbreeding, juvenile)",Black Guillemot,Skuas and Alcids,12,8,6,4,0.5714,0.6667,0.6154,0.6667,1.0000,"Pigeon Guillemot (Nonbreeding, juvenile) (2)"
362,Juniper Titmouse,Juniper Titmouse,Perching Birds,25,13,4,12,0.7647,0.5200,0.6190,0.5200,1.0000,Oak Titmouse (10)
177,Western Screech-Owl,Western Screech-Owl,Owls,34,20,10,14,0.6667,0.5882,0.6250,0.5882,1.0000,Eastern Screech-Owl (14)
553,Yellow-rumped Warbler (Winter/juvenile Audubon's),Yellow-rumped Warbler,Perching Birds,44,26,13,18,0.6667,0.5909,0.6265,0.5909,1.0000,Yellow-rumped Warbler (Breeding Audubon's) (11)
200,Hairy Woodpecker,Hairy Woodpecker,Woodpeckers,60,32,10,28,0.7619,0.5333,0.6275,0.5333,1.0000,Downy Woodpecker (24)
467,Western Wood-Pewee,Western Wood-Pewee,Perching Birds,49,27,10,22,0.7297,0.5510,0.6279,0.5510,0.9388,Eastern Wood-Pewee (14)
75,Black Guillemot (Breeding),Black Guillemot,Skuas and Alcids,20,11,4,9,0.7333,0.5500,0.6286,0.5500,1.0000,Pigeon Guillemot (Breeding) (8)
457,Boat-tailed Grackle,Boat-tailed Grackle,Perching Birds,60,33,11,27,0.7500,0.5500,0.6346,0.5500,0.9500,Great-tailed Grackle (17)
50,Cooper's Hawk (Adult),Cooper's Hawk,"Hawks, Kites, Eagles, and Allies",57,35,18,22,0.6604,0.6140,0.6364,0.6140,0.9825,Sharp-shinned Hawk (Adult ) (18)
279,"Calliope Hummingbird (Female, immature)",Calliope Hummingbird,Swifts and Hummingbirds,48,37,31,11,0.5441,0.7708,0.6379,0.7708,0.9792,"Anna's Hummingbird (Female, immature) (5)"
453,Eastern Meadowlark,Eastern Meadowlark,Perching Birds,40,21,4,19,0.8400,0.5250,0.6462,0.5250,1.0000,Western Meadowlark (17)
259,Sharp-shinned Hawk (Immature),Sharp-shinned Hawk,"Hawks, Kites, Eagles, and Allies",58,34,13,24,0.7234,0.5862,0.6476,0.5862,0.9828,Cooper's Hawk (Immature) (20)
81,Western Gull (Adult),Western Gull,"Gulls, Terns, and Allies",33,23,15,10,0.6053,0.6970,0.6479,0.6970,1.0000,Great Black-backed Gull (Adult) (9)
346,Common Raven,Common Raven,Perching Birds,57,47,39,10,0.5465,0.8246,0.6573,0.8246,0.9825,American Crow (8)
210,Herring Gull (Immature),Herring Gull,"Gulls, Terns, and Allies",44,35,27,9,0.5645,0.7955,0.6604,0.7955,0.9773,California Gull (Immature) (5)
72,Allen's Hummingbird (Adult Male),Allen's Hummingbird,Swifts and Hummingbirds,60,41,23,19,0.6406,0.6833,0.6613,0.6833,1.0000,Rufous Hummingbird (Adult Male) (17)
277,"Anna's Hummingbird (Female, immature)",Anna's Hummingbird,Swifts and Hummingbirds,52,40,28,12,0.5882,0.7692,0.6667,0.7692,1.0000,"Black-chinned Hummingbird (Female, immature) (9)"
215,Ross's Goose,Ross's Goose,"Ducks, Geese, and Swans",23,18,13,5,0.5806,0.7826,0.6667,0.7826,1.0000,Snow Goose (White morph) (5)
267,Purple Gallinule (Immature),Purple Gallinule,Cranes and Rails,11,6,1,5,0.8571,0.5455,0.6667,0.5455,0.8182,Purple Gallinule (Adult) (3)
203,"Pigeon Guillemot (Nonbreeding, juvenile)",Pigeon Guillemot,Skuas and Alcids,17,12,7,5,0.6316,0.7059,0.6667,0.7059,0.9412,"Black Guillemot (Nonbreeding, juvenile) (3)"
235,Common Goldeneye (Female/Eclipse male),Common Goldeneye,"Ducks, Geese, and Swans",33,29,24,4,0.5472,0.8788,0.6744,0.8788,0.9697,Redhead (Breeding male) (2)
224,Green-winged Teal (Female/juvenile),Green-winged Teal,"Ducks, Geese, and Swans",30,26,21,4,0.5532,0.8667,0.6753,0.8667,0.9667,Northern Pintail (Female/Eclipse male) (2)
266,Peregrine Falcon (Immature),Peregrine Falcon,Caracaras and Falcons,31,19,6,12,0.7600,0.6129,0.6786,0.6129,0.9677,Peregrine Falcon (Adult) (7)
552,Orchard Oriole (Female/Juvenile),Orchard Oriole,Perching Birds,26,18,9,8,0.6667,0.6923,0.6792,0.6923,1.0000,Hooded Oriole (Female/Immature male) (5)
355,Carolina Chickadee,Carolina Chickadee,Perching Birds,58,53,45,5,0.5408,0.9138,0.6795,0.9138,0.9828,Black-capped Chickadee (3)
264,Golden Eagle (Immature),Golden Eagle,"Hawks, Kites, Eagles, and Allies",30,17,3,13,0.8500,0.5667,0.6800,0.5667,1.0000,Golden Eagle (Adult) (11)
99,Trumpeter Swan,Trumpeter Swan,"Ducks, Geese, and Swans",37,32,25,5,0.5614,0.8649,0.6809,0.8649,1.0000,Mute Swan (4)
233,Black Scoter (Female/juvenile),Black Scoter,"Ducks, Geese, and Swans",22,14,5,8,0.7368,0.6364,0.6829,0.6364,1.0000,Ruddy Duck (Female/juvenile) (3)
54,Golden Eagle (Adult),Golden Eagle,"Hawks, Kites, Eagles, and Allies",42,33,21,9,0.6111,0.7857,0.6875,0.7857,1.0000,"Bald Eagle (Immature, juvenile) (3)"
40,Double-crested Cormorant (Immature),Double-crested Cormorant,"Frigatebirds, Boobies, Cormorants, Darters, and Allies",52,48,39,4,0.5517,0.9231,0.6906,0.9231,0.9808,Brandt's Cormorant (1)
275,"Ruby-throated Hummingbird (Female, immature)",Ruby-throated Hummingbird,Swifts and Hummingbirds,60,45,25,15,0.6429,0.7500,0.6923,0.7500,1.0000,"Black-chinned Hummingbird (Female, immature) (11)"
470,Pacific-slope Flycatcher,Pacific-slope Flycatcher,Perching Birds,59,48,31,11,0.6076,0.8136,0.6957,0.8136,0.9831,Cordilleran Flycatcher (7)
25,Common Goldeneye (Breeding male),Common Goldeneye,"Ducks, Geese, and Swans",51,48,38,3,0.5581,0.9412,0.7007,0.9412,1.0000,Bufflehead (Breeding male) (2)
229,Lesser Scaup (Female/Eclipse male),Lesser Scaup,"Ducks, Geese, and Swans",35,34,28,1,0.5484,0.9714,0.7010,0.9714,1.0000,Redhead (Female/Eclipse male) (1)
85,Great Black-backed Gull (Adult),Great Black-backed Gull,"Gulls, Terns, and Allies",41,27,9,14,0.7500,0.6585,0.7013,0.6585,0.9512,Western Gull (Adult) (11)
364,Black-crested Titmouse,Black-crested Titmouse,Perching Birds,33,19,2,14,0.9048,0.5758,0.7037,0.5758,1.0000,Tufted Titmouse (9)
510,"Bay-breasted Warbler (Female, Nonbreeding male, Immature)",Bay-breasted Warbler,Perching Birds,29,18,4,11,0.8182,0.6207,0.7059,0.6207,0.9310,Bay-breasted Warbler (Breeding male) (4)
464,Common Redpoll,Common Redpoll,Perching Birds,40,23,2,17,0.9200,0.5750,0.7077,0.5750,0.9750,Hoary Redpoll (14)
469,Least Flycatcher,Least Flycatcher,Perching Birds,60,39,11,21,0.7800,0.6500,0.7091,0.6500,0.9833,Pacific-slope Flycatcher (12)
114,Brandt's Cormorant,Brandt's Cormorant,"Frigatebirds, Boobies, Cormorants, Darters, and Allies",33,22,7,11,0.7586,0.6667,0.7097,0.6667,1.0000,Pelagic Cormorant (9)
542,Red Crossbill (Female/juvenile),Red Crossbill,Perching Birds,34,22,6,12,0.7857,0.6471,0.7097,0.6471,0.9412,Red Crossbill (Adult Male) (3)
204,Black-legged Kittiwake (Immature),Black-legged Kittiwake,"Gulls, Terns, and Allies",19,16,10,3,0.6154,0.8421,0.7111,0.8421,1.0000,Black-legged Kittiwake (Adult) (3)
245,Common Loon (Nonbreeding/juvenile),Common Loon,Loons,60,52,34,8,0.6047,0.8667,0.7123,0.8667,0.9833,Common Loon (Breeding) (2)
268,Common Gallinule (Immature),Common Gallinule,Cranes and Rails,15,10,3,5,0.7692,0.6667,0.7143,0.6667,1.0000,Common Gallinule (Adult) (5)
458,Great-tailed Grackle,Great-tailed Grackle,Perching Birds,60,46,22,14,0.6765,0.7667,0.7188,0.7667,1.0000,Boat-tailed Grackle (10)
350,Northern Rough-winged Swallow,Northern Rough-winged Swallow,Perching Birds,42,36,22,6,0.6207,0.8571,0.7200,0.8571,0.9524,Cave Swallow (2)
223,Northern Pintail (Female/Eclipse male),Northern Pintail,"Ducks, Geese, and Swans",24,18,8,6,0.6923,0.7500,0.7200,0.7500,1.0000,Northern Pintail (Breeding male) (3)
19,Lesser Scaup (Breeding male),Lesser Scaup,"Ducks, Geese, and Swans",44,35,18,9,0.6604,0.7955,0.7216,0.7955,1.0000,Greater Scaup (Breeding male) (8)
249,Northern Gannet (Immature/Juvenile),Northern Gannet,"Frigatebirds, Boobies, Cormorants, Darters, and Allies",20,13,3,7,0.8125,0.6500,0.7222,0.6500,0.9000,Common Loon (Nonbreeding/juvenile) (3)
353,Cave Swallow,Cave Swallow,Perching Birds,34,26,12,8,0.6842,0.7647,0.7222,0.7647,0.8235,White-throated Swift (3)
217,Gadwall (Female/Eclipse male),Gadwall,"Ducks, Geese, and Swans",19,12,2,7,0.8571,0.6316,0.7273,0.6316,0.9474,Northern Shoveler (Female/Eclipse male) (3)
358,Chestnut-backed Chickadee,Chestnut-backed Chickadee,Perching Birds,54,53,38,1,0.5824,0.9815,0.7310,0.9815,1.0000,Black-capped Chickadee (1)
540,Cassin's Finch (Female/immature),Cassin's Finch,Perching Birds,24,15,2,9,0.8824,0.6250,0.7317,0.6250,1.0000,Purple Finch (Female/immature) (4)
286,Long-tailed Duck (Female/juvenile),Long-tailed Duck,"Ducks, Geese, and Swans",23,15,3,8,0.8333,0.6522,0.7317,0.6522,0.9565,Long-tailed Duck (Winter male) (4)
70,Broad-tailed Hummingbird (Adult Male),Broad-tailed Hummingbird,Swifts and Hummingbirds,44,26,1,18,0.9630,0.5909,0.7324,0.5909,0.9773,Ruby-throated Hummingbird (Adult Male) (7)
212,Great Black-backed Gull (Immature),Great Black-backed Gull,"Gulls, Terns, and Allies",32,26,13,6,0.6667,0.8125,0.7324,0.8125,0.9375,Herring Gull (Immature) (3)
116,Pelagic Cormorant,Pelagic Cormorant,"Frigatebirds, Boobies, Cormorants, Darters, and Allies",26,22,12,4,0.6471,0.8462,0.7333,0.8462,0.9615,Brandt's Cormorant (2)
465,Hoary Redpoll,Hoary Redpoll,Perching Birds,29,25,14,4,0.6410,0.8621,0.7353,0.8621,0.9655,Common Redpoll (2)
468,Eastern Wood-Pewee,Eastern Wood-Pewee,Perching Birds,49,39,18,10,0.6842,0.7959,0.7358,0.7959,0.9796,Western Wood-Pewee (6)
136,Swainson's Hawk (Light morph ),Swainson's Hawk,"Hawks, Kites, Eagles, and Allies",39,28,9,11,0.7568,0.7179,0.7368,0.7179,1.0000,Swainson's Hawk (Dark morph ) (9)
495,Florida Scrub-Jay,Florida Scrub-Jay,Perching Birds,26,17,3,9,0.8500,0.6538,0.7391,0.6538,1.0000,Western Scrub-Jay (8)
178,Eastern Screech-Owl,Eastern Screech-Owl,Owls,50,40,18,10,0.6897,0.8000,0.7407,0.8000,1.0000,Western Screech-Owl (9)
257,"Bald Eagle (Immature, juvenile)",Bald Eagle,"Hawks, Kites, Eagles, and Allies",43,32,11,11,0.7442,0.7442,0.7442,0.7442,0.9767,Golden Eagle (Adult) (6)
105,Ruddy Duck (Winter male),Ruddy Duck,"Ducks, Geese, and Swans",28,19,4,9,0.8261,0.6786,0.7451,0.6786,1.0000,Ruddy Duck (Breeding male) (4)
260,Cooper's Hawk (Immature),Cooper's Hawk,"Hawks, Kites, Eagles, and Allies",60,51,25,9,0.6711,0.8500,0.7500,0.8500,0.9833,Sharp-shinned Hawk (Immature) (5)
250,Double-crested Cormorant (Adult),Double-crested Cormorant,"Frigatebirds, Boobies, Cormorants, Darters, and Allies",54,45,21,9,0.6818,0.8333,0.7500,0.8333,1.0000,Double-crested Cormorant (Immature) (6)
207,Ring-billed Gull (Immature),Ring-billed Gull,"Gulls, Terns, and Allies",36,30,14,6,0.6818,0.8333,0.7500,0.8333,0.9444,Great Black-backed Gull (Immature) (3)
211,Glaucous-winged Gull (Immature),Glaucous-winged Gull,"Gulls, Terns, and Allies",22,17,6,5,0.7391,0.7727,0.7556,0.7727,1.0000,Herring Gull (Immature) (5)
226,Redhead (Female/Eclipse male),Redhead,"Ducks, Geese, and Swans",17,14,6,3,0.7000,0.8235,0.7568,0.8235,0.9412,Gadwall (Breeding male) (1)
274,"Broad-billed Hummingbird (Female, immature)",Broad-billed Hummingbird,Swifts and Hummingbirds,22,16,4,6,0.8000,0.7273,0.7619,0.7273,1.0000,Broad-billed Hummingbird (Adult Male) (3)
49,Sharp-shinned Hawk (Adult ),Sharp-shinned Hawk,"Hawks, Kites, Eagles, and Allies",58,48,20,10,0.7059,0.8276,0.7619,0.8276,0.9828,Cooper's Hawk (Adult) (8)
436,California Towhee,California Towhee,Perching Birds,44,37,16,7,0.6981,0.8409,0.7629,0.8409,0.9545,Canyon Towhee (3)
53,Rough-legged Hawk (Dark morph),Rough-legged Hawk,"Hawks, Kites, Eagles, and Allies",24,18,5,6,0.7826,0.7500,0.7660,0.7500,0.9583,Red-tailed Hawk (Dark morph) (3)
90,Common Tern,Common Tern,"Gulls, Terns, and Allies",60,40,4,20,0.9091,0.6667,0.7692,0.6667,1.0000,Forster's Tern (15)
520,Chipping Sparrow (Immature/nonbreeding adult),Chipping Sparrow,Perching Birds,46,35,10,11,0.7778,0.7609,0.7692,0.7609,0.9348,Chipping Sparrow (Breeding) (5)
361,Oak Titmouse,Oak Titmouse,Perching Birds,37,32,14,5,0.6957,0.8649,0.7711,0.8649,0.9730,Juniper Titmouse (2)
194,Yellow-bellied Sapsucker,Yellow-bellied Sapsucker,Woodpeckers,59,56,30,3,0.6512,0.9492,0.7724,0.9492,1.0000,Red-naped Sapsucker (2)
106,Scaled Quail,Scaled Quail,"Grouse, Quail, and Allies",19,12,0,7,1.0000,0.6316,0.7742,0.6316,1.0000,California Quail (Female/juvenile) (7)
309,Harris's Sparrow (Adult),Harris's Sparrow,Perching Birds,27,19,3,8,0.8636,0.7037,0.7755,0.7037,1.0000,Harris's Sparrow (Immature) (8)
240,California Quail (Female/juvenile),California Quail,"Grouse, Quail, and Allies",22,19,8,3,0.7037,0.8636,0.7755,0.8636,1.0000,California Quail (Male) (1)
102,Mottled Duck,Mottled Duck,"Ducks, Geese, and Swans",29,21,4,8,0.8400,0.7241,0.7778,0.7241,0.9655,Mallard (Female/Eclipse male) (7)
486,Plumbeous Vireo,Plumbeous Vireo,Perching Birds,41,30,6,11,0.8333,0.7317,0.7792,0.7317,1.0000,Cassin's Vireo (6)
152,Lesser Yellowlegs,Lesser Yellowlegs,"Plovers, Sandpipers, and Allies",60,48,15,12,0.7619,0.8000,0.7805,0.8000,0.9833,Solitary Sandpiper (5)
435,Canyon Towhee,Canyon Towhee,Perching Birds,46,32,4,14,0.8889,0.6957,0.7805,0.6957,0.9783,California Towhee (13)
381,Black-tailed Gnatcatcher,Black-tailed Gnatcatcher,Perching Birds,22,18,6,4,0.7500,0.8182,0.7826,0.8182,1.0000,Blue-gray Gnatcatcher (2)
199,Downy Woodpecker,Downy Woodpecker,Woodpeckers,60,54,24,6,0.6923,0.9000,0.7826,0.9000,1.0000,Hairy Woodpecker (6)
96,Cackling Goose,Cackling Goose,"Ducks, Geese, and Swans",14,11,3,3,0.7857,0.7857,0.7857,0.7857,1.0000,Canada Goose (3)
488,Blue-headed Vireo,Blue-headed Vireo,Perching Birds,52,48,22,4,0.6857,0.9231,0.7869,0.9231,1.0000,Mourning Warbler (1)
463,Brown-capped Rosy-Finch,Brown-capped Rosy-Finch,Perching Birds,34,24,3,10,0.8889,0.7059,0.7869,0.7059,1.0000,Gray-crowned Rosy-Finch (5)
289,Red-tailed Hawk (Light morph immature),Red-tailed Hawk,"Hawks, Kites, Eagles, and Allies",60,52,20,8,0.7222,0.8667,0.7879,0.8667,0.9667,Broad-winged Hawk (Adult) (2)
91,Forster's Tern,Forster's Tern,"Gulls, Terns, and Allies",60,53,21,7,0.7162,0.8833,0.7910,0.8833,0.9833,Common Tern (4)
231,Surf Scoter (Female/immature),Surf Scoter,"Ducks, Geese, and Swans",24,19,5,5,0.7917,0.7917,0.7917,0.7917,0.9583,Black Scoter (Female/juvenile) (2)
127,White-faced Ibis,White-faced Ibis,"Pelicans, Herons, Ibises, and Allies",34,25,4,9,0.8621,0.7353,0.7937,0.7353,1.0000,Glossy Ibis (8)
80,Ring-billed Gull (Adult),Ring-billed Gull,"Gulls, Terns, and Allies",60,54,22,6,0.7105,0.9000,0.7941,0.9000,0.9833,Black-legged Kittiwake (Adult) (2)
299,Snow Bunting (Breeding adult),Snow Bunting,Perching Birds,12,8,0,4,1.0000,0.6667,0.8000,0.6667,1.0000,Snow Bunting (Nonbreeding) (3)
352,Cliff Swallow,Cliff Swallow,Perching Birds,30,20,0,10,1.0000,0.6667,0.8000,0.6667,0.9333,Cave Swallow (6)
253,Reddish Egret (White morph),Reddish Egret,"Pelicans, Herons, Ibises, and Allies",23,18,4,5,0.8182,0.7826,0.8000,0.7826,1.0000,Reddish Egret (Dark morph) (2)
97,Canada Goose,Canada Goose,"Ducks, Geese, and Swans",31,24,5,7,0.8276,0.7742,0.8000,0.7742,0.9355,Cackling Goose (3)
225,Canvasback (Female/Eclipse male),Canvasback,"Ducks, Geese, and Swans",29,20,1,9,0.9524,0.6897,0.8000,0.6897,1.0000,Canvasback (Breeding male) (5)
378,Winter Wren,Winter Wren,Perching Birds,54,51,22,3,0.6986,0.9444,0.8031,0.9444,1.0000,Pacific Wren (2)
445,Fox Sparrow (Sooty),Fox Sparrow,Perching Birds,43,38,13,5,0.7451,0.8837,0.8085,0.8837,1.0000,Fox Sparrow (Red) (5)
243,Red-throated Loon (Nonbreeding/juvenile),Red-throated Loon,Loons,47,36,6,11,0.8571,0.7660,0.8090,0.7660,0.9149,Common Loon (Nonbreeding/juvenile) (5)
528,Indigo Bunting (Female/juvenile),Indigo Bunting,Perching Birds,39,34,11,5,0.7556,0.8718,0.8095,0.8718,0.9744,Blue Grosbeak (Adult Male) (1)
83,Herring Gull (Adult),Herring Gull,"Gulls, Terns, and Allies",57,49,15,8,0.7656,0.8596,0.8099,0.8596,1.0000,Western Gull (Adult) (2)
308,White-throated Sparrow (White-striped),White-throated Sparrow,Perching Birds,59,56,23,3,0.7089,0.9492,0.8116,0.9492,1.0000,White-throated Sparrow (Tan-striped/immature) (3)
76,Pigeon Guillemot (Breeding),Pigeon Guillemot,Skuas and Alcids,42,41,18,1,0.6949,0.9762,0.8119,0.9762,1.0000,Black Guillemot (Breeding) (1)
454,Western Meadowlark,Western Meadowlark,Perching Birds,60,54,19,6,0.7397,0.9000,0.8120,0.9000,0.9833,Eastern Meadowlark (4)
283,Red-headed Woodpecker (Immature),Red-headed Woodpecker,Woodpeckers,35,26,3,9,0.8966,0.7429,0.8125,0.7429,1.0000,Red-headed Woodpecker (Adult) (8)
134,Mississippi Kite,Mississippi Kite,"Hawks, Kites, Eagles, and Allies",50,37,4,13,0.9024,0.7400,0.8132,0.7400,0.9000,Merlin (2)
502,Yellow-rumped Warbler (Breeding Audubon's),Yellow-rumped Warbler,Perching Birds,58,48,12,10,0.8000,0.8276,0.8136,0.8276,1.0000,Yellow-rumped Warbler (Winter/juvenile Audubon's) (9)
522,Western Tanager (Female/Nonbreeding Male),Western Tanager,Perching Birds,33,24,2,9,0.9231,0.7273,0.8136,0.7273,1.0000,Western Tanager (Breeding Male) (6)
140,Prairie Falcon,Prairie Falcon,Caracaras and Falcons,42,33,6,9,0.8462,0.7857,0.8148,0.7857,0.9524,"American Kestrel (Female, immature) (3)"
160,Western Sandpiper,Western Sandpiper,"Plovers, Sandpipers, and Allies",51,38,4,13,0.9048,0.7451,0.8172,0.7451,1.0000,Semipalmated Sandpiper (7)
104,Long-tailed Duck (Summer male),Long-tailed Duck,"Ducks, Geese, and Swans",12,9,1,3,0.9000,0.7500,0.8182,0.7500,1.0000,Long-tailed Duck (Winter male) (1)
527,Lazuli Bunting (Female/juvenile),Lazuli Bunting,Perching Birds,22,18,4,4,0.8182,0.8182,0.8182,0.8182,1.0000,Indigo Bunting (Female/juvenile) (4)
89,Black Tern,Black Tern,"Gulls, Terns, and Allies",35,25,1,10,0.9615,0.7143,0.8197,0.7143,0.9429,Forster's Tern (3)
342,Yellow-rumped Warbler (Winter/juvenile Myrtle),Yellow-rumped Warbler,Perching Birds,53,50,19,3,0.7246,0.9434,0.8197,0.9434,1.0000,Yellow-rumped Warbler (Winter/juvenile Audubon's) (3)
326,Brewer's Blackbird (Female/Juvenile),Brewer's Blackbird,Perching Birds,31,25,5,6,0.8333,0.8065,0.8197,0.8065,0.9677,Brown-headed Cowbird (Male) (1)
514,Lark Bunting (Female/Nonbreeding male),Lark Bunting,Perching Birds,32,23,1,9,0.9583,0.7188,0.8214,0.7188,0.9688,Vesper Sparrow (6)
248,Eared Grebe (Nonbreeding/juvenile),Eared Grebe,Grebes,38,30,5,8,0.8571,0.7895,0.8219,0.7895,1.0000,Horned Grebe (Nonbreeding/juvenile) (7)
188,White-throated Swift,White-throated Swift,Swifts and Hummingbirds,40,37,13,3,0.7400,0.9250,0.8222,0.9250,1.0000,Swallow-tailed Kite (2)
460,Orchard Oriole (Immature Male),Orchard Oriole,Perching Birds,25,21,5,4,0.8077,0.8400,0.8235,0.8400,1.0000,Hooded Oriole (Female/Immature male) (3)
150,Greater Yellowlegs,Greater Yellowlegs,"Plovers, Sandpipers, and Allies",59,45,5,14,0.9000,0.7627,0.8257,0.7627,0.9831,Lesser Yellowlegs (13)
516,Harris's Sparrow (Immature),Harris's Sparrow,Perching Birds,34,31,10,3,0.7561,0.9118,0.8267,0.9118,0.9706,Harris's Sparrow (Adult) (2)
292,European Starling (Breeding Adult),European Starling,Perching Birds,59,48,9,11,0.8421,0.8136,0.8276,0.8136,0.9661,European Starling (Nonbreeding Adult) (9)
159,Semipalmated Sandpiper,Semipalmated Sandpiper,"Plovers, Sandpipers, and Allies",60,53,15,7,0.7794,0.8833,0.8281,0.8833,1.0000,Least Sandpiper (6)
198,Nuttall's Woodpecker,Nuttall's Woodpecker,Woodpeckers,45,41,13,4,0.7593,0.9111,0.8283,0.9111,1.0000,Ladder-backed Woodpecker (2)
84,Glaucous-winged Gull (Adult),Glaucous-winged Gull,"Gulls, Terns, and Allies",38,29,3,9,0.9062,0.7632,0.8286,0.7632,0.9211,Herring Gull (Adult) (4)
205,Laughing Gull (Nonbreeding/Immature),Laughing Gull,"Gulls, Terns, and Allies",45,34,3,11,0.9189,0.7556,0.8293,0.7556,0.9778,Laughing Gull (Breeding) (10)
4,Red-tailed Hawk (Light morph adult),Red-tailed Hawk,"Hawks, Kites, Eagles, and Allies",60,47,6,13,0.8868,0.7833,0.8319,0.7833,0.9833,Red-tailed Hawk (Light morph immature) (6)
77,Black-legged Kittiwake (Adult),Black-legged Kittiwake,"Gulls, Terns, and Allies",23,20,5,3,0.8000,0.8696,0.8333,0.8696,1.0000,Mew Gull (2)
192,Golden-fronted Woodpecker,Golden-fronted Woodpecker,Woodpeckers,33,25,2,8,0.9259,0.7576,0.8333,0.7576,1.0000,Gila Woodpecker (4)
101,American Black Duck,American Black Duck,"Ducks, Geese, and Swans",37,30,5,7,0.8571,0.8108,0.8333,0.8108,1.0000,Mallard (Female/Eclipse male) (3)
103,Common Eider (Female/juvenile),Common Eider,"Ducks, Geese, and Swans",22,20,6,2,0.7692,0.9091,0.8333,0.9091,1.0000,Mottled Duck (1)
22,White-winged Scoter (Male),White-winged Scoter,"Ducks, Geese, and Swans",27,20,1,7,0.9524,0.7407,0.8333,0.7407,0.9630,Surf Scoter (Male) (2)
521,Scarlet Tanager (Female/Nonbreeding Male),Scarlet Tanager,Perching Birds,28,23,4,5,0.8519,0.8214,0.8364,0.8214,0.9643,Summer Tanager (Female) (3)
461,Gray-crowned Rosy-Finch,Gray-crowned Rosy-Finch,Perching Birds,37,32,7,5,0.8205,0.8649,0.8421,0.8649,1.0000,Brown-capped Rosy-Finch (3)
51,Red-shouldered Hawk (Adult ),Red-shouldered Hawk,"Hawks, Kites, Eagles, and Allies",38,32,6,6,0.8421,0.8421,0.8421,0.8421,1.0000,Red-shouldered Hawk (Immature) (5)
88,Caspian Tern,Caspian Tern,"Gulls, Terns, and Allies",49,43,10,6,0.8113,0.8776,0.8431,0.8776,0.9796,Royal Tern (4)
197,Ladder-backed Woodpecker,Ladder-backed Woodpecker,Woodpeckers,50,38,2,12,0.9500,0.7600,0.8444,0.7600,1.0000,Nuttall's Woodpecker (12)
67,Anna's Hummingbird (Adult Male),Anna's Hummingbird,Swifts and Hummingbirds,54,49,13,5,0.7903,0.9074,0.8448,0.9074,1.0000,"Anna's Hummingbird (Female, immature) (2)"
400,European Starling (Nonbreeding Adult),European Starling,Perching Birds,60,52,11,8,0.8254,0.8667,0.8455,0.8667,0.9833,European Starling (Breeding Adult) (8)
219,Mallard (Female/Eclipse male),Mallard,"Ducks, Geese, and Swans",60,55,15,5,0.7857,0.9167,0.8462,0.9167,0.9667,American Black Duck (2)
56,Peregrine Falcon (Adult),Peregrine Falcon,Caracaras and Falcons,46,39,7,7,0.8478,0.8478,0.8478,0.8478,0.9565,Peregrine Falcon (Immature) (2)
473,Eastern Phoebe,Eastern Phoebe,Perching Birds,60,56,16,4,0.7778,0.9333,0.8485,0.9333,0.9833,Eastern Kingbird (2)
416,Cape May Warbler,Cape May Warbler,Perching Birds,60,45,1,15,0.9783,0.7500,0.8491,0.7500,0.9667,Yellow-rumped Warbler (Winter/juvenile Myrtle) (5)
222,Northern Shoveler (Female/Eclipse male),Northern Shoveler,"Ducks, Geese, and Swans",40,34,6,6,0.8500,0.8500,0.8500,0.8500,1.0000,Northern Shoveler (Breeding male) (5)
285,Common Eider (Immature/Eclipse male),Common Eider,"Ducks, Geese, and Swans",22,17,1,5,0.9444,0.7727,0.8500,0.7727,0.9545,Common Eider (Female/juvenile) (3)
335,Red Crossbill (Adult Male),Red Crossbill,Perching Birds,25,23,6,2,0.7931,0.9200,0.8519,0.9200,0.9600,Pine Grosbeak (Adult Male) (2)
543,White-winged Crossbill (Female/juvenile),White-winged Crossbill,Perching Birds,32,26,3,6,0.8966,0.8125,0.8525,0.8125,0.9375,Red Crossbill (Female/juvenile) (4)
511,Chestnut-sided Warbler (Female/immature male),Chestnut-sided Warbler,Perching Birds,35,29,4,6,0.8788,0.8286,0.8529,0.8286,1.0000,Chestnut-sided Warbler (Breeding male) (5)
489,Hutton's Vireo,Hutton's Vireo,Perching Birds,39,32,4,7,0.8889,0.8205,0.8533,0.8205,1.0000,Ruby-crowned Kinglet (6)
287,Ruddy Duck (Female/juvenile),Ruddy Duck,"Ducks, Geese, and Swans",40,35,7,5,0.8333,0.8750,0.8537,0.8750,1.0000,Ring-necked Duck (Female/Eclipse male) (3)
252,Little Blue Heron (Immature),Little Blue Heron,"Pelicans, Herons, Ibises, and Allies",37,33,7,4,0.8250,0.8919,0.8571,0.8919,1.0000,Reddish Egret (White morph) (2)
449,Dark-eyed Junco (Pink-sided),Dark-eyed Junco,Perching Birds,31,27,5,4,0.8438,0.8710,0.8571,0.8710,1.0000,Dark-eyed Junco (Oregon) (3)
440,Brewer's Sparrow,Brewer's Sparrow,Perching Birds,35,30,5,5,0.8571,0.8571,0.8571,0.8571,1.0000,Chipping Sparrow (Immature/nonbreeding adult) (3)
536,Bullock's Oriole (Female/Immature male),Bullock's Oriole,Perching Birds,36,33,8,3,0.8049,0.9167,0.8571,0.9167,1.0000,Hooded Oriole (Female/Immature male) (2)
455,Rusty Blackbird,Rusty Blackbird,Perching Birds,48,39,4,9,0.9070,0.8125,0.8571,0.8125,0.9167,Brewer's Blackbird (Female/Juvenile) (2)
477,Cassin's Kingbird,Cassin's Kingbird,Perching Birds,35,30,5,5,0.8571,0.8571,0.8571,0.8571,1.0000,Western Kingbird (5)
484,Bell's Vireo,Bell's Vireo,Perching Birds,29,24,3,5,0.8889,0.8276,0.8571,0.8276,0.9655,Plumbeous Vireo (2)
273,"Wilson's Phalarope (Nonbreeding, juvenile)",Wilson's Phalarope,"Plovers, Sandpipers, and Allies",28,27,8,1,0.7714,0.9643,0.8571,0.9643,1.0000,Wilson's Phalarope (Breeding) (1)
298,Phainopepla (Female/juvenile),Phainopepla,Perching Birds,18,15,2,3,0.8824,0.8333,0.8571,0.8333,0.8333,Phainopepla (Male) (2)
263,Rough-legged Hawk (Light morph),Rough-legged Hawk,"Hawks, Kites, Eagles, and Allies",40,37,9,3,0.8043,0.9250,0.8605,0.9250,1.0000,"Bald Eagle (Immature, juvenile) (3)"
499,Black-billed Magpie,Black-billed Magpie,Perching Birds,38,37,11,1,0.7708,0.9737,0.8605,0.9737,1.0000,Yellow-billed Magpie (1)
234,Bufflehead (Female/immature male),Bufflehead,"Ducks, Geese, and Swans",33,31,8,2,0.7949,0.9394,0.8611,0.9394,0.9697,American Coot (1)
512,Blackpoll Warbler (Female/juvenile),Blackpoll Warbler,Perching Birds,60,53,10,7,0.8413,0.8833,0.8618,0.8833,0.9833,Tennessee Warbler (1)
497,Mexican Jay,Mexican Jay,Perching Birds,26,22,3,4,0.8800,0.8462,0.8627,0.8462,1.0000,Western Scrub-Jay (4)
525,Black-headed Grosbeak (Female/immature male),Black-headed Grosbeak,Perching Birds,48,38,2,10,0.9500,0.7917,0.8636,0.7917,0.9583,Black-headed Grosbeak (Adult Male) (4)
410,Tennessee Warbler,Tennessee Warbler,Perching Birds,60,54,11,6,0.8308,0.9000,0.8640,0.9000,0.9833,Red-eyed Vireo (2)
34,Pacific Loon (Breeding),Pacific Loon,Loons,20,16,1,4,0.9412,0.8000,0.8649,0.8000,0.9000,Common Loon (Breeding) (2)
544,Lesser Goldfinch (Female/juvenile),Lesser Goldfinch,Perching Birds,36,29,2,7,0.9355,0.8056,0.8657,0.8056,0.9722,Lesser Goldfinch (Adult Male) (2)
65,Ruby-throated Hummingbird (Adult Male),Ruby-throated Hummingbird,Swifts and Hummingbirds,54,49,10,5,0.8305,0.9074,0.8673,0.9074,1.0000,Black-chinned Hummingbird (Adult Male) (2)
533,Brewer's Blackbird (Male),Brewer's Blackbird,Perching Birds,60,49,4,11,0.9245,0.8167,0.8673,0.8167,0.9833,Brewer's Blackbird (Female/Juvenile) (3)
48,Northern Harrier (Adult male),Northern Harrier,"Hawks, Kites, Eagles, and Allies",60,46,0,14,1.0000,0.7667,0.8679,0.7667,0.9333,Red-tailed Hawk (Light morph adult) (2)
227,Ring-necked Duck (Female/Eclipse male),Ring-necked Duck,"Ducks, Geese, and Swans",24,23,6,1,0.7931,0.9583,0.8679,0.9583,0.9583,Redhead (Female/Eclipse male) (1)
258,"Northern Harrier (Female, immature)",Northern Harrier,"Hawks, Kites, Eagles, and Allies",60,53,9,7,0.8548,0.8833,0.8689,0.8833,0.9667,Cooper's Hawk (Adult) (2)
139,Merlin,Merlin,Caracaras and Falcons,58,50,7,8,0.8772,0.8621,0.8696,0.8621,0.9655,Sharp-shinned Hawk (Adult ) (2)
541,House Finch (Female/immature),House Finch,Perching Birds,52,47,9,5,0.8393,0.9038,0.8704,0.9038,0.9808,House Finch (Adult Male) (1)
246,Horned Grebe (Nonbreeding/juvenile),Horned Grebe,Grebes,60,58,15,2,0.7945,0.9667,0.8722,0.9667,1.0000,Horned Grebe (Breeding) (1)
126,Glossy Ibis,Glossy Ibis,"Pelicans, Herons, Ibises, and Allies",44,41,9,3,0.8200,0.9318,0.8723,0.9318,1.0000,White-faced Ibis (3)
442,Vesper Sparrow,Vesper Sparrow,Perching Birds,60,55,11,5,0.8333,0.9167,0.8730,0.9167,0.9500,Merlin (1)
496,Western Scrub-Jay,Western Scrub-Jay,Perching Birds,60,56,12,4,0.8235,0.9333,0.8750,0.9333,0.9833,Florida Scrub-Jay (3)
66,Black-chinned Hummingbird (Adult Male),Black-chinned Hummingbird,Swifts and Hummingbirds,50,46,9,4,0.8364,0.9200,0.8762,0.9200,0.9800,Ruby-throated Hummingbird (Adult Male) (2)
13,Northern Pintail (Breeding male),Northern Pintail,"Ducks, Geese, and Swans",42,36,4,6,0.9000,0.8571,0.8780,0.8571,0.9762,Gadwall (Breeding male) (2)
290,Dark-eyed Junco (Slate-colored),Dark-eyed Junco,Perching Birds,60,54,9,6,0.8571,0.9000,0.8780,0.9000,1.0000,Dark-eyed Junco (Pink-sided) (3)
412,Nashville Warbler,Nashville Warbler,Perching Birds,60,54,9,6,0.8571,0.9000,0.8780,0.9000,1.0000,Mourning Warbler (2)
459,Bronzed Cowbird,Bronzed Cowbird,Perching Birds,32,29,5,3,0.8529,0.9062,0.8788,0.9062,0.9688,Brown-headed Cowbird (Male) (1)
171,Common Ground-Dove,Common Ground-Dove,Pigeons and Doves,35,29,2,6,0.9355,0.8286,0.8788,0.8286,0.9714,Inca Dove (4)
392,Hermit Thrush,Hermit Thrush,Perching Birds,60,51,5,9,0.9107,0.8500,0.8793,0.8500,0.9667,Swainson's Thrush (6)
92,Royal Tern,Royal Tern,"Gulls, Terns, and Allies",38,33,4,5,0.8919,0.8684,0.8800,0.8684,1.0000,Caspian Tern (4)
68,Costa's Hummingbird (Adult Male),Costa's Hummingbird,Swifts and Hummingbirds,37,33,5,4,0.8684,0.8919,0.8800,0.8919,1.0000,Anna's Hummingbird (Adult Male) (2)
247,Red-necked Grebe (Nonbreeding/juvenile),Red-necked Grebe,Grebes,31,26,2,5,0.9286,0.8387,0.8814,0.8387,1.0000,Horned Grebe (Nonbreeding/juvenile) (3)
256,White Ibis (Immature),White Ibis,"Pelicans, Herons, Ibises, and Allies",33,26,0,7,1.0000,0.7879,0.8814,0.7879,1.0000,White Ibis (Adult) (4)
239,Red-breasted Merganser (Female/immature male),Red-breasted Merganser,"Ducks, Geese, and Swans",44,41,8,3,0.8367,0.9318,0.8817,0.9318,0.9773,"Pigeon Guillemot (Nonbreeding, juvenile) (1)"
78,Laughing Gull (Breeding),Laughing Gull,"Gulls, Terns, and Allies",59,56,12,3,0.8235,0.9492,0.8819,0.9492,1.0000,Laughing Gull (Nonbreeding/Immature) (2)
492,Gray Jay,Gray Jay,Perching Birds,54,45,3,9,0.9375,0.8333,0.8824,0.8333,0.9259,Gray Catbird (2)
28,Common Merganser (Breeding male),Common Merganser,"Ducks, Geese, and Swans",32,30,6,2,0.8333,0.9375,0.8824,0.9375,1.0000,Common Goldeneye (Breeding male) (2)
69,Calliope Hummingbird (Adult Male),Calliope Hummingbird,Swifts and Hummingbirds,41,34,2,7,0.9444,0.8293,0.8831,0.8293,0.9756,Anna's Hummingbird (Adult Male) (3)
348,Tree Swallow,Tree Swallow,Perching Birds,56,53,11,3,0.8281,0.9464,0.8833,0.9464,0.9821,Violet-green Swallow (1)
507,Common Yellowthroat (Female/immature male),Common Yellowthroat,Perching Birds,60,54,8,6,0.8710,0.9000,0.8852,0.9000,1.0000,Common Yellowthroat (Adult Male) (4)
255,Yellow-crowned Night-Heron (Immature),Yellow-crowned Night-Heron,"Pelicans, Herons, Ibises, and Allies",39,35,5,4,0.8750,0.8974,0.8861,0.8974,1.0000,Yellow-crowned Night-Heron (Adult) (2)
111,Western Grebe,Western Grebe,Grebes,42,35,2,7,0.9459,0.8333,0.8861,0.8333,1.0000,Clark's Grebe (5)
35,Common Loon (Breeding),Common Loon,Loons,60,51,4,9,0.9273,0.8500,0.8870,0.8500,0.9833,Common Loon (Nonbreeding/juvenile) (5)
482,Northern Shrike,Northern Shrike,Perching Birds,60,51,4,9,0.9273,0.8500,0.8870,0.8500,0.9833,Loggerhead Shrike (8)
151,Willet,Willet,"Plovers, Sandpipers, and Allies",60,51,4,9,0.9273,0.8500,0.8870,0.8500,0.9833,Whimbrel (3)
242,Ring-necked Pheasant (Female/juvenile),Ring-necked Pheasant,"Grouse, Quail, and Allies",14,12,1,2,0.9231,0.8571,0.8889,0.8571,0.9286,Ring-necked Pheasant (Male) (1)
549,European Starling (Juvenile),European Starling,Perching Birds,35,32,5,3,0.8649,0.9143,0.8889,0.9143,0.9714,European Starling (Nonbreeding Adult) (2)
503,Purple Martin (Female/juvenile),Purple Martin,Perching Birds,36,32,4,4,0.8889,0.8889,0.8889,0.8889,1.0000,Northern Rough-winged Swallow (2)
7,Gadwall (Breeding male),Gadwall,"Ducks, Geese, and Swans",56,53,10,3,0.8413,0.9464,0.8908,0.9464,0.9821,Gadwall (Female/Eclipse male) (1)
36,Horned Grebe (Breeding),Horned Grebe,Grebes,35,29,1,6,0.9667,0.8286,0.8923,0.8286,1.0000,Eared Grebe (Breeding) (4)
385,Wrentit,Wrentit,Perching Birds,37,34,5,3,0.8718,0.9189,0.8947,0.9189,0.9730,Bushtit (1)
336,White-winged Crossbill (Adult Male),White-winged Crossbill,Perching Birds,20,17,1,3,0.9444,0.8500,0.8947,0.8500,1.0000,Pine Grosbeak (Adult Male) (1)
237,Hooded Merganser (Female/immature male),Hooded Merganser,"Ducks, Geese, and Swans",33,30,4,3,0.8824,0.9091,0.8955,0.9091,0.9697,Red-breasted Merganser (Female/immature male) (1)
16,Redhead (Breeding male),Redhead,"Ducks, Geese, and Swans",27,26,5,1,0.8387,0.9630,0.8966,0.9630,0.9630,Lesser Scaup (Female/Eclipse male) (1)
112,Clark's Grebe,Clark's Grebe,Grebes,38,35,5,3,0.8750,0.9211,0.8974,0.9211,1.0000,Western Grebe (2)
534,Brown-headed Cowbird (Female/Juvenile),Brown-headed Cowbird,Perching Birds,49,44,5,5,0.8980,0.8980,0.8980,0.8980,1.0000,Red-winged Blackbird (Female/juvenile) (2)
537,Baltimore Oriole (Female/Immature male),Baltimore Oriole,Perching Birds,48,44,6,4,0.8800,0.9167,0.8980,0.9167,1.0000,Bullock's Oriole (Female/Immature male) (3)
548,"Vermilion Flycatcher (Female, immature)",Vermilion Flycatcher,Perching Birds,36,31,2,5,0.9394,0.8611,0.8986,0.8611,0.9444,Eastern Phoebe (2)
303,Bay-breasted Warbler (Breeding male),Bay-breasted Warbler,Perching Birds,33,31,5,2,0.8611,0.9394,0.8986,0.9394,0.9394,Chestnut-sided Warbler (Breeding male) (1)
450,Summer Tanager (Female),Summer Tanager,Perching Birds,33,31,5,2,0.8611,0.9394,0.8986,0.9394,1.0000,Yellow Warbler (1)
349,Violet-green Swallow,Violet-green Swallow,Perching Birds,37,31,1,6,0.9688,0.8378,0.8986,0.8378,0.9730,Tree Swallow (3)
218,American Wigeon (Female/Eclipse male),American Wigeon,"Ducks, Geese, and Swans",19,18,3,1,0.8571,0.9474,0.9000,0.9474,1.0000,Gadwall (Breeding male) (1)
86,Bonaparte's Gull,Bonaparte's Gull,"Gulls, Terns, and Allies",58,50,3,8,0.9434,0.8621,0.9009,0.8621,1.0000,Black-legged Kittiwake (Immature) (6)
17,Ring-necked Duck (Breeding male),Ring-necked Duck,"Ducks, Geese, and Swans",44,41,6,3,0.8723,0.9318,0.9011,0.9318,1.0000,Common Goldeneye (Breeding male) (2)
421,Pine Warbler,Pine Warbler,Perching Birds,48,41,2,7,0.9535,0.8542,0.9011,0.8542,0.9583,Yellow-throated Vireo (2)
417,Northern Parula,Northern Parula,Perching Birds,60,55,7,5,0.8871,0.9167,0.9016,0.9167,0.9833,Black-throated Blue Warbler (Adult Male) (1)
63,Wilson's Phalarope (Breeding),Wilson's Phalarope,"Plovers, Sandpipers, and Allies",53,46,3,7,0.9388,0.8679,0.9020,0.8679,1.0000,"Wilson's Phalarope (Nonbreeding, juvenile) (7)"
526,Blue Grosbeak (Female/juvenile),Blue Grosbeak,Perching Birds,42,37,3,5,0.9250,0.8810,0.9024,0.8810,1.0000,Indigo Bunting (Female/juvenile) (3)
387,Western Bluebird,Western Bluebird,Perching Birds,59,51,3,8,0.9444,0.8644,0.9027,0.8644,1.0000,Mountain Bluebird (5)
539,Purple Finch (Female/immature),Purple Finch,Perching Birds,45,42,6,3,0.8750,0.9333,0.9032,0.9333,1.0000,Song Sparrow (1)
366,Bushtit,Bushtit,Perching Birds,60,56,8,4,0.8750,0.9333,0.9032,0.9333,0.9667,Oak Titmouse (1)
551,Summer Tanager (Immature Male),Summer Tanager,Perching Birds,17,14,0,3,1.0000,0.8235,0.9032,0.8235,1.0000,Summer Tanager (Female) (2)
132,Swallow-tailed Kite,Swallow-tailed Kite,"Hawks, Kites, Eagles, and Allies",29,28,5,1,0.8485,0.9655,0.9032,0.9655,1.0000,White-throated Swift (1)
313,Chipping Sparrow (Breeding),Chipping Sparrow,Perching Birds,60,56,8,4,0.8750,0.9333,0.9032,0.9333,1.0000,Chipping Sparrow (Immature/nonbreeding adult) (2)
532,Yellow-headed Blackbird (Female/Immature Male),Yellow-headed Blackbird,Perching Birds,34,28,0,6,1.0000,0.8235,0.9032,0.8235,0.9412,Yellow-headed Blackbird (Adult Male) (3)
270,Spotted Sandpiper (Nonbreeding/juvenile),Spotted Sandpiper,"Plovers, Sandpipers, and Allies",47,47,10,0,0.8246,1.0000,0.9038,1.0000,1.0000,
478,Western Kingbird,Western Kingbird,Perching Birds,52,47,5,5,0.9038,0.9038,0.9038,0.9038,0.9808,Cassin's Kingbird (3)
149,Solitary Sandpiper,Solitary Sandpiper,"Plovers, Sandpipers, and Allies",56,52,7,4,0.8814,0.9286,0.9043,0.9286,0.9821,Spotted Sandpiper (Nonbreeding/juvenile) (2)
500,Yellow-billed Magpie,Yellow-billed Magpie,Perching Birds,27,24,2,3,0.9231,0.8889,0.9057,0.8889,1.0000,Black-billed Magpie (3)
1,Long-tailed Duck (Winter male),Long-tailed Duck,"Ducks, Geese, and Swans",30,29,5,1,0.8529,0.9667,0.9062,0.9667,0.9667,"Pigeon Guillemot (Nonbreeding, juvenile) (1)"
38,Eared Grebe (Breeding),Eared Grebe,Grebes,42,39,5,3,0.8864,0.9286,0.9070,0.9286,0.9762,Eared Grebe (Nonbreeding/juvenile) (2)
363,Tufted Titmouse,Tufted Titmouse,Perching Birds,60,59,11,1,0.8429,0.9833,0.9077,0.9833,1.0000,Black-crested Titmouse (1)
135,Harris's Hawk,Harris's Hawk,"Hawks, Kites, Eagles, and Allies",43,40,5,3,0.8889,0.9302,0.9091,0.9302,1.0000,Swainson's Hawk (Dark morph ) (2)
174,Black-billed Cuckoo,Black-billed Cuckoo,Cuckoos,32,30,4,2,0.8824,0.9375,0.9091,0.9375,1.0000,Yellow-billed Cuckoo (1)
386,Eastern Bluebird,Eastern Bluebird,Perching Birds,60,55,6,5,0.9016,0.9167,0.9091,0.9167,1.0000,Western Bluebird (3)
419,Yellow Warbler,Yellow Warbler,Perching Birds,60,51,1,9,0.9808,0.8500,0.9107,0.8500,0.9667,Wilson's Warbler (3)
432,Spotted Towhee,Spotted Towhee,Perching Birds,60,51,1,9,0.9808,0.8500,0.9107,0.8500,0.9667,Eastern Towhee (6)
388,Mountain Bluebird,Mountain Bluebird,Perching Birds,49,46,6,3,0.8846,0.9388,0.9109,0.9388,0.9592,Indigo Bunting (Adult Male) (1)
485,Yellow-throated Vireo,Yellow-throated Vireo,Perching Birds,38,36,5,2,0.8780,0.9474,0.9114,0.9474,0.9737,Pine Warbler (1)
331,Pine Grosbeak (Adult Male),Pine Grosbeak,Perching Birds,33,31,4,2,0.8857,0.9394,0.9118,0.9394,1.0000,Red Crossbill (Adult Male) (1)
433,Eastern Towhee,Eastern Towhee,Perching Birds,54,52,8,2,0.8667,0.9630,0.9123,0.9630,0.9815,Spotted Towhee (1)
439,Clay-colored Sparrow,Clay-colored Sparrow,Perching Birds,60,52,2,8,0.9630,0.8667,0.9123,0.8667,1.0000,Brewer's Sparrow (2)
254,Black-crowned Night-Heron (Immature),Black-crowned Night-Heron,"Pelicans, Herons, Ibises, and Allies",54,47,2,7,0.9592,0.8704,0.9126,0.8704,0.9815,Yellow-crowned Night-Heron (Immature) (5)
509,Magnolia Warbler (Female/immature male),Magnolia Warbler,Perching Birds,45,42,5,3,0.8936,0.9333,0.9130,0.9333,0.9778,Northern Parula (2)
15,Canvasback (Breeding male),Canvasback,"Ducks, Geese, and Swans",43,42,7,1,0.8571,0.9767,0.9130,0.9767,1.0000,Redhead (Breeding male) (1)
505,Phainopepla (Male),Phainopepla,Perching Birds,35,32,3,3,0.9143,0.9143,0.9143,0.9143,0.9714,Phainopepla (Female/juvenile) (1)
42,Little Blue Heron (Adult),Little Blue Heron,"Pelicans, Herons, Ibises, and Allies",60,54,4,6,0.9310,0.9000,0.9153,0.9000,0.9667,Reddish Egret (Dark morph) (3)
418,Blackburnian Warbler,Blackburnian Warbler,Perching Birds,51,44,1,7,0.9778,0.8627,0.9167,0.8627,0.9608,Blackpoll Warbler (Female/juvenile) (2)
456,Common Grackle,Common Grackle,Perching Birds,58,55,7,3,0.8871,0.9483,0.9167,0.9483,0.9828,Great-tailed Grackle (2)
524,Rose-breasted Grosbeak (Female/immature male),Rose-breasted Grosbeak,Perching Birds,48,44,4,4,0.9167,0.9167,0.9167,0.9167,1.0000,Rose-breasted Grosbeak (Adult Male) (2)
411,Orange-crowned Warbler,Orange-crowned Warbler,Perching Birds,58,56,8,2,0.8750,0.9655,0.9180,0.9655,1.0000,Tennessee Warbler (2)
74,Northern Flicker (Yellow-shafted),Northern Flicker,Woodpeckers,59,56,7,3,0.8889,0.9492,0.9180,0.9492,1.0000,Northern Flicker (Red-shafted) (2)
446,Song Sparrow,Song Sparrow,Perching Birds,60,57,7,3,0.8906,0.9500,0.9194,0.9500,1.0000,Fox Sparrow (Red) (1)
547,House Sparrow (Female/Juvenile),House Sparrow,Perching Birds,57,52,4,5,0.9286,0.9123,0.9204,0.9123,1.0000,California Towhee (2)
265,"American Kestrel (Female, immature)",American Kestrel,Caracaras and Falcons,55,52,6,3,0.8966,0.9455,0.9204,0.9455,1.0000,American Kestrel (Adult male) (1)
481,Loggerhead Shrike,Loggerhead Shrike,Perching Birds,60,58,8,2,0.8788,0.9667,0.9206,0.9667,1.0000,Eastern Kingbird (1)
98,Mute Swan,Mute Swan,"Ducks, Geese, and Swans",60,58,8,2,0.8788,0.9667,0.9206,0.9667,1.0000,Trumpeter Swan (1)
21,Surf Scoter (Male),Surf Scoter,"Ducks, Geese, and Swans",37,35,4,2,0.8974,0.9459,0.9211,0.9459,1.0000,Black Oystercatcher (1)
191,Gila Woodpecker,Gila Woodpecker,Woodpeckers,50,47,5,3,0.9038,0.9400,0.9216,0.9400,0.9800,Black-chinned Hummingbird (Adult Male) (1)
141,American Coot,American Coot,Cranes and Rails,60,53,2,7,0.9636,0.8833,0.9217,0.8833,0.9000,Common Gallinule (Adult) (2)
379,Marsh Wren,Marsh Wren,Perching Birds,60,53,2,7,0.9636,0.8833,0.9217,0.8833,1.0000,Carolina Wren (4)
161,Least Sandpiper,Least Sandpiper,"Plovers, Sandpipers, and Allies",60,59,9,1,0.8676,0.9833,0.9219,0.9833,1.0000,Semipalmated Sandpiper (1)
214,Snow Goose (Blue morph),Snow Goose,"Ducks, Geese, and Swans",28,24,0,4,1.0000,0.8571,0.9231,0.8571,0.9643,Snow Goose (White morph) (2)
153,Whimbrel,Whimbrel,"Plovers, Sandpipers, and Allies",51,48,5,3,0.9057,0.9412,0.9231,0.9412,1.0000,Long-billed Curlew (2)
271,Sanderling (Nonbreeding/juvenile),Sanderling,"Plovers, Sandpipers, and Allies",49,48,7,1,0.8727,0.9796,0.9231,0.9796,1.0000,Semipalmated Sandpiper (1)
29,Red-breasted Merganser (Breeding male),Red-breasted Merganser,"Ducks, Geese, and Swans",41,36,1,5,0.9730,0.8780,0.9231,0.8780,1.0000,Common Merganser (Breeding male) (4)
508,American Redstart (Female/juvenile),American Redstart,Perching Birds,59,55,5,4,0.9167,0.9322,0.9244,0.9322,0.9831,American Redstart (Adult Male) (1)
58,Common Gallinule (Adult),Common Gallinule,Cranes and Rails,49,49,8,0,0.8596,1.0000,0.9245,1.0000,1.0000,
391,Swainson's Thrush,Swainson's Thrush,Perching Birds,58,56,7,2,0.8889,0.9655,0.9256,0.9655,1.0000,Hermit Thrush (2)
462,Black Rosy-Finch,Black Rosy-Finch,Perching Birds,26,25,3,1,0.8929,0.9615,0.9259,0.9615,1.0000,Gray-crowned Rosy-Finch (1)
43,Reddish Egret (Dark morph),Reddish Egret,"Pelicans, Herons, Ibises, and Allies",52,50,6,2,0.8929,0.9615,0.9259,0.9615,1.0000,Great Blue Heron (1)
311,Golden-crowned Sparrow (Adult),Golden-crowned Sparrow,Perching Birds,42,38,2,4,0.9500,0.9048,0.9268,0.9048,1.0000,Golden-crowned Sparrow (Immature) (3)
157,Black Turnstone,Black Turnstone,"Plovers, Sandpipers, and Allies",47,45,5,2,0.9000,0.9574,0.9278,0.9574,1.0000,Ruddy Turnstone (2)
491,Red-eyed Vireo,Red-eyed Vireo,Perching Birds,60,58,7,2,0.8923,0.9667,0.9280,0.9667,0.9833,Tennessee Warbler (1)
304,Chestnut-sided Warbler (Breeding male),Chestnut-sided Warbler,Perching Birds,60,58,7,2,0.8923,0.9667,0.9280,0.9667,1.0000,Red-eyed Vireo (1)
133,White-tailed Kite,White-tailed Kite,"Hawks, Kites, Eagles, and Allies",13,13,2,0,0.8667,1.0000,0.9286,1.0000,1.0000,
405,Louisiana Waterthrush,Louisiana Waterthrush,Perching Birds,42,39,3,3,0.9286,0.9286,0.9286,0.9286,1.0000,Northern Waterthrush (3)
73,Red-headed Woodpecker (Adult),Red-headed Woodpecker,Woodpeckers,59,59,9,0,0.8676,1.0000,0.9291,1.0000,1.0000,
156,Ruddy Turnstone,Ruddy Turnstone,"Plovers, Sandpipers, and Allies",55,53,6,2,0.8983,0.9636,0.9298,0.9636,1.0000,Black Turnstone (2)
284,Northern Flicker (Red-shafted),Northern Flicker,Woodpeckers,59,53,2,6,0.9636,0.8983,0.9298,0.8983,1.0000,Northern Flicker (Yellow-shafted) (6)
429,Wilson's Warbler,Wilson's Warbler,Perching Birds,60,60,9,0,0.8696,1.0000,0.9302,1.0000,1.0000,
437,Abert's Towhee,Abert's Towhee,Perching Birds,29,27,2,2,0.9310,0.9310,0.9310,0.9310,1.0000,Canyon Towhee (1)
37,Red-necked Grebe (Breeding),Red-necked Grebe,Grebes,29,27,2,2,0.9310,0.9310,0.9310,0.9310,0.9655,Tricolored Heron (1)
333,Cassin's Finch (Adult Male),Cassin's Finch,Perching Birds,38,34,1,4,0.9714,0.8947,0.9315,0.8947,1.0000,Purple Finch (Adult Male) (3)
138,Crested Caracara,Crested Caracara,Caracaras and Falcons,54,48,1,6,0.9796,0.8889,0.9320,0.8889,0.9444,American Black Duck (1)
365,Verdin,Verdin,Perching Birds,32,28,0,4,1.0000,0.8750,0.9333,0.8750,0.9375,Black-tailed Gnatcatcher (2)
479,Eastern Kingbird,Eastern Kingbird,Perching Birds,60,56,4,4,0.9333,0.9333,0.9333,0.9333,0.9833,Tree Swallow (1)
12,Northern Shoveler (Breeding male),Northern Shoveler,"Ducks, Geese, and Swans",60,58,6,2,0.9062,0.9667,0.9355,0.9667,1.0000,American Wigeon (Breeding male) (1)
395,Gray Catbird,Gray Catbird,Perching Birds,60,58,6,2,0.9062,0.9667,0.9355,0.9667,0.9833,Phainopepla (Female/juvenile) (1)
293,Fox Sparrow (Red),Fox Sparrow,Perching Birds,60,59,7,1,0.8939,0.9833,0.9365,0.9833,1.0000,Fox Sparrow (Sooty) (1)
538,Pine Grosbeak (Female/juvenile),Pine Grosbeak,Perching Birds,41,37,1,4,0.9737,0.9024,0.9367,0.9024,0.9512,Pine Grosbeak (Adult Male) (1)
241,Gambel's Quail (Female/juvenile),Gambel's Quail,"Grouse, Quail, and Allies",17,15,0,2,1.0000,0.8824,0.9375,0.8824,1.0000,Gambel's Quail (Male) (1)
384,Ruby-crowned Kinglet,Ruby-crowned Kinglet,Perching Birds,60,60,8,0,0.8824,1.0000,0.9375,1.0000,1.0000,
406,Northern Waterthrush,Northern Waterthrush,Perching Birds,56,53,4,3,0.9298,0.9464,0.9381,0.9464,1.0000,Louisiana Waterthrush (2)
291,Yellow-rumped Warbler (Breeding Myrtle),Yellow-rumped Warbler,Perching Birds,59,53,1,6,0.9815,0.8983,0.9381,0.8983,0.9831,Yellow-rumped Warbler (Winter/juvenile Myrtle) (6)
238,Common Merganser (Female/immature male),Common Merganser,"Ducks, Geese, and Swans",42,38,1,4,0.9744,0.9048,0.9383,0.9048,1.0000,Red-breasted Merganser (Female/immature male) (3)
434,Rufous-crowned Sparrow,Rufous-crowned Sparrow,Perching Birds,41,38,2,3,0.9500,0.9268,0.9383,0.9268,0.9756,Green-tailed Towhee (1)
272,Dunlin (Nonbreeding/juvenile),Dunlin,"Plovers, Sandpipers, and Allies",58,54,3,4,0.9474,0.9310,0.9391,0.9310,1.0000,Spotted Sandpiper (Nonbreeding/juvenile) (3)
490,Warbling Vireo,Warbling Vireo,Perching Birds,60,54,1,6,0.9818,0.9000,0.9391,0.9000,1.0000,Bell's Vireo (2)
57,Purple Gallinule (Adult),Purple Gallinule,Cranes and Rails,40,39,4,1,0.9070,0.9750,0.9398,0.9750,1.0000,Common Gallinule (Adult) (1)
328,Hooded Oriole (Adult male),Hooded Oriole,Perching Birds,43,40,2,3,0.9524,0.9302,0.9412,0.9302,1.0000,Orchard Oriole (Immature Male) (3)
142,Sandhill Crane,Sandhill Crane,Cranes and Rails,25,24,2,1,0.9231,0.9600,0.9412,0.9600,0.9600,Swallow-tailed Kite (1)
312,Dark-eyed Junco (Oregon),Dark-eyed Junco,Perching Birds,49,48,5,1,0.9057,0.9796,0.9412,0.9796,1.0000,Dark-eyed Junco (Slate-colored) (1)
62,Dunlin (Breeding),Dunlin,"Plovers, Sandpipers, and Allies",35,32,1,3,0.9697,0.9143,0.9412,0.9143,1.0000,Dunlin (Nonbreeding/juvenile) (2)
170,Inca Dove,Inca Dove,Pigeons and Doves,50,48,4,2,0.9231,0.9600,0.9412,0.9600,0.9800,Common Ground-Dove (2)
167,Eurasian Collared-Dove,Eurasian Collared-Dove,Pigeons and Doves,59,56,4,3,0.9333,0.9492,0.9412,0.9492,1.0000,Mourning Dove (2)
518,Golden-crowned Sparrow (Immature),Golden-crowned Sparrow,Perching Birds,60,57,4,3,0.9344,0.9500,0.9421,0.9500,1.0000,Golden-crowned Sparrow (Adult) (1)
321,Indigo Bunting (Adult Male),Indigo Bunting,Perching Birds,60,57,4,3,0.9344,0.9500,0.9421,0.9500,1.0000,Blue Grosbeak (Adult Male) (3)
117,Anhinga,Anhinga,"Frigatebirds, Boobies, Cormorants, Darters, and Allies",60,58,5,2,0.9206,0.9667,0.9431,0.9667,1.0000,Double-crested Cormorant (Adult) (2)
423,Prairie Warbler,Prairie Warbler,Perching Birds,60,58,5,2,0.9206,0.9667,0.9431,0.9667,1.0000,Townsend's Warbler (1)
154,Long-billed Curlew,Long-billed Curlew,"Plovers, Sandpipers, and Allies",53,50,3,3,0.9434,0.9434,0.9434,0.9434,0.9811,Whimbrel (2)
420,Palm Warbler,Palm Warbler,Perching Birds,44,42,3,2,0.9333,0.9545,0.9438,0.9545,1.0000,Pine Warbler (1)
393,Wood Thrush,Wood Thrush,Perching Birds,46,42,1,4,0.9767,0.9130,0.9438,0.9130,0.9783,Hermit Thrush (3)
368,White-breasted Nuthatch,White-breasted Nuthatch,Perching Birds,60,59,6,1,0.9077,0.9833,0.9440,0.9833,1.0000,Mountain Chickadee (1)
24,Bufflehead (Breeding male),Bufflehead,"Ducks, Geese, and Swans",60,59,6,1,0.9077,0.9833,0.9440,0.9833,1.0000,Common Merganser (Breeding male) (1)
389,Townsend's Solitaire,Townsend's Solitaire,Perching Birds,37,34,1,3,0.9714,0.9189,0.9444,0.9189,0.9730,Black-tailed Gnatcatcher (1)
466,Pine Siskin,Pine Siskin,Perching Birds,60,60,7,0,0.8955,1.0000,0.9449,1.0000,1.0000,
374,Carolina Wren,Carolina Wren,Perching Birds,60,60,7,0,0.8955,1.0000,0.9449,1.0000,1.0000,
398,Curve-billed Thrasher,Curve-billed Thrasher,Perching Birds,46,43,2,3,0.9556,0.9348,0.9451,0.9348,0.9783,California Thrasher (2)
426,Hermit Warbler,Hermit Warbler,Perching Birds,37,35,2,2,0.9459,0.9459,0.9459,0.9459,1.0000,Black-throated Green Warbler (1)
369,Pygmy Nuthatch,Pygmy Nuthatch,Perching Birds,38,35,1,3,0.9722,0.9211,0.9459,0.9211,1.0000,White-breasted Nuthatch (2)
32,Ring-necked Pheasant (Male),Ring-necked Pheasant,"Grouse, Quail, and Allies",47,44,2,3,0.9565,0.9362,0.9462,0.9362,0.9574,White-faced Ibis (1)
415,Hooded Warbler,Hooded Warbler,Perching Birds,49,44,0,5,1.0000,0.8980,0.9462,0.8980,1.0000,Wilson's Warbler (5)
168,White-winged Dove,White-winged Dove,Pigeons and Doves,57,53,2,4,0.9636,0.9298,0.9464,0.9298,0.9825,Broad-winged Hawk (Adult) (1)
165,Rock Pigeon,Rock Pigeon,Pigeons and Doves,58,53,1,5,0.9815,0.9138,0.9464,0.9138,0.9655,Ross's Goose (3)
315,Western Tanager (Breeding Male),Western Tanager,Perching Birds,53,53,6,0,0.8983,1.0000,0.9464,1.0000,1.0000,
357,Mountain Chickadee,Mountain Chickadee,Perching Birds,53,53,6,0,0.8983,1.0000,0.9464,1.0000,1.0000,
158,Surfbird,Surfbird,"Plovers, Sandpipers, and Allies",40,36,0,4,1.0000,0.9000,0.9474,0.9000,1.0000,Black Turnstone (2)
9,Mallard (Breeding male),Mallard,"Ducks, Geese, and Swans",60,55,1,5,0.9821,0.9167,0.9483,0.9167,0.9833,Gadwall (Breeding male) (1)
122,Snowy Egret,Snowy Egret,"Pelicans, Herons, Ibises, and Allies",49,46,2,3,0.9583,0.9388,0.9485,0.9388,1.0000,Little Blue Heron (Immature) (2)
545,American Goldfinch (Female/Nonbreeding Male),American Goldfinch,Perching Birds,60,56,2,4,0.9655,0.9333,0.9492,0.9333,1.0000,American Goldfinch (Breeding Male) (3)
164,American Woodcock,American Woodcock,"Plovers, Sandpipers, and Allies",30,28,1,2,0.9655,0.9333,0.9492,0.9333,1.0000,Short-billed Dowitcher (1)
169,Mourning Dove,Mourning Dove,Pigeons and Doves,60,56,2,4,0.9655,0.9333,0.9492,0.9333,0.9833,Eurasian Collared-Dove (2)
120,Great Blue Heron,Great Blue Heron,"Pelicans, Herons, Ibises, and Allies",60,56,2,4,0.9655,0.9333,0.9492,0.9333,1.0000,Anhinga (1)
130,Turkey Vulture,Turkey Vulture,"Hawks, Kites, Eagles, and Allies",59,56,3,3,0.9492,0.9492,0.9492,0.9492,0.9661,Wild Turkey (1)
517,White-crowned Sparrow (Immature),White-crowned Sparrow,Perching Birds,60,56,2,4,0.9655,0.9333,0.9492,0.9333,1.0000,White-crowned Sparrow (Adult) (1)
319,Blue Grosbeak (Adult Male),Blue Grosbeak,Perching Birds,58,56,4,2,0.9333,0.9655,0.9492,0.9655,1.0000,Orchard Oriole (Adult Male) (1)
64,Broad-billed Hummingbird (Adult Male),Broad-billed Hummingbird,Swifts and Hummingbirds,49,47,3,2,0.9400,0.9592,0.9495,0.9592,1.0000,Anna's Hummingbird (Adult Male) (1)
380,Blue-gray Gnatcatcher,Blue-gray Gnatcatcher,Perching Birds,60,57,3,3,0.9500,0.9500,0.9500,0.9500,1.0000,Black-tailed Gnatcatcher (2)
427,Black-throated Green Warbler,Black-throated Green Warbler,Perching Birds,60,57,3,3,0.9500,0.9500,0.9500,0.9500,0.9667,Northern Parula (1)
448,Swamp Sparrow,Swamp Sparrow,Perching Birds,60,57,3,3,0.9500,0.9500,0.9500,0.9500,1.0000,Chipping Sparrow (Breeding) (2)
162,Short-billed Dowitcher,Short-billed Dowitcher,"Plovers, Sandpipers, and Allies",60,57,3,3,0.9500,0.9500,0.9500,0.9500,1.0000,Least Sandpiper (1)
2,Ruddy Duck (Breeding male),Ruddy Duck,"Ducks, Geese, and Swans",38,38,4,0,0.9048,1.0000,0.9500,1.0000,1.0000,
46,White Ibis (Adult),White Ibis,"Pelicans, Herons, Ibises, and Allies",58,58,6,0,0.9062,1.0000,0.9508,1.0000,1.0000,
425,Townsend's Warbler,Townsend's Warbler,Perching Birds,60,59,5,1,0.9219,0.9833,0.9516,0.9833,1.0000,Black-throated Green Warbler (1)
554,Dark-eyed Junco (Red-backed/Gray-headed),Dark-eyed Junco,Perching Birds,43,40,1,3,0.9756,0.9302,0.9524,0.9302,0.9767,Townsend's Solitaire (1)
176,Barn Owl,Barn Owl,Owls,52,50,3,2,0.9434,0.9615,0.9524,0.9615,1.0000,Eurasian Collared-Dove (1)
390,Veery,Veery,Perching Birds,41,41,4,0,0.9111,1.0000,0.9535,1.0000,1.0000,
10,Blue-winged Teal (Male),Blue-winged Teal,"Ducks, Geese, and Swans",42,41,3,1,0.9318,0.9762,0.9535,0.9762,0.9762,Northern Shoveler (Breeding male) (1)
206,Heermann's Gull (Immature),Heermann's Gull,"Gulls, Terns, and Allies",22,21,1,1,0.9545,0.9545,0.9545,0.9545,0.9545,Mississippi Kite (1)
394,Varied Thrush,Varied Thrush,Perching Birds,56,53,2,3,0.9636,0.9464,0.9550,0.9464,1.0000,Eastern Bluebird (1)
376,House Wren,House Wren,Perching Birds,54,53,4,1,0.9298,0.9815,0.9550,0.9815,1.0000,Canyon Wren (1)
399,California Thrasher,California Thrasher,Perching Birds,32,32,3,0,0.9143,1.0000,0.9552,1.0000,1.0000,
8,American Wigeon (Breeding male),American Wigeon,"Ducks, Geese, and Swans",45,43,2,2,0.9556,0.9556,0.9556,0.9556,1.0000,Black-necked Stilt (1)
113,Wood Stork,Wood Stork,Storks,56,54,3,2,0.9474,0.9643,0.9558,0.9643,1.0000,Swallow-tailed Kite (1)
340,House Sparrow (Male),House Sparrow,Perching Birds,59,56,2,3,0.9655,0.9492,0.9573,0.9492,1.0000,Harris's Sparrow (Adult) (1)
183,Barred Owl,Barred Owl,Owls,60,56,1,4,0.9825,0.9333,0.9573,0.9333,0.9833,Eastern Screech-Owl (3)
444,Savannah Sparrow,Savannah Sparrow,Perching Birds,60,57,2,3,0.9661,0.9500,0.9580,0.9500,1.0000,Vesper Sparrow (2)
124,Cattle Egret,Cattle Egret,"Pelicans, Herons, Ibises, and Allies",49,46,1,3,0.9787,0.9388,0.9583,0.9388,0.9796,Little Blue Heron (Immature) (2)
146,Black Oystercatcher,Black Oystercatcher,"Plovers, Sandpipers, and Allies",49,46,1,3,0.9787,0.9388,0.9583,0.9388,0.9796,Spotted Sandpiper (Breeding) (1)
330,Baltimore Oriole (Adult male),Baltimore Oriole,Perching Birds,59,58,4,1,0.9355,0.9831,0.9587,0.9831,1.0000,Bullock's Oriole (Adult male) (1)
39,"Northern Gannet (Adult, Subadult)",Northern Gannet,"Frigatebirds, Boobies, Cormorants, Darters, and Allies",60,58,3,2,0.9508,0.9667,0.9587,0.9667,0.9667,Great Cormorant (Adult) (1)
193,Red-bellied Woodpecker,Red-bellied Woodpecker,Woodpeckers,60,58,3,2,0.9508,0.9667,0.9587,0.9667,1.0000,Gila Woodpecker (1)
123,Tricolored Heron,Tricolored Heron,"Pelicans, Herons, Ibises, and Allies",60,58,3,2,0.9508,0.9667,0.9587,0.9667,1.0000,Little Blue Heron (Adult) (1)
347,Horned Lark,Horned Lark,Perching Birds,60,58,3,2,0.9508,0.9667,0.9587,0.9667,0.9667,Wilson's Phalarope (Breeding) (1)
129,Black Vulture,Black Vulture,"Hawks, Kites, Eagles, and Allies",48,47,3,1,0.9400,0.9792,0.9592,0.9792,0.9792,"Bald Eagle (Immature, juvenile) (1)"
47,"Bald Eagle (Adult, subadult)",Bald Eagle,"Hawks, Kites, Eagles, and Allies",60,59,4,1,0.9365,0.9833,0.9593,0.9833,0.9833,Northern Pygmy-Owl (1)
201,Pileated Woodpecker,Pileated Woodpecker,Woodpeckers,60,59,4,1,0.9365,0.9833,0.9593,0.9833,0.9833,Rough-legged Hawk (Dark morph) (1)
60,Spotted Sandpiper (Breeding),Spotted Sandpiper,"Plovers, Sandpipers, and Allies",51,48,1,3,0.9796,0.9412,0.9600,0.9412,0.9804,Spotted Sandpiper (Nonbreeding/juvenile) (3)
329,Bullock's Oriole (Adult male),Bullock's Oriole,Perching Birds,51,49,2,2,0.9608,0.9608,0.9608,0.9608,0.9804,Hooded Oriole (Adult male) (1)
370,Brown-headed Nuthatch,Brown-headed Nuthatch,Perching Birds,38,37,2,1,0.9487,0.9737,0.9610,0.9737,1.0000,Pygmy Nuthatch (1)
93,Black Skimmer,Black Skimmer,"Gulls, Terns, and Allies",53,50,1,3,0.9804,0.9434,0.9615,0.9434,0.9623,Black Guillemot (Breeding) (1)
506,Snow Bunting (Nonbreeding),Snow Bunting,Perching Birds,52,51,3,1,0.9444,0.9808,0.9623,0.9808,0.9808,Western Wood-Pewee (1)
332,Purple Finch (Adult Male),Purple Finch,Perching Birds,52,51,3,1,0.9444,0.9808,0.9623,0.9808,1.0000,Cassin's Finch (Adult Male) (1)
27,Hooded Merganser (Breeding male),Hooded Merganser,"Ducks, Geese, and Swans",53,52,3,1,0.9455,0.9811,0.9630,0.9811,1.0000,Bufflehead (Breeding male) (1)
403,Cedar Waxwing,Cedar Waxwing,Perching Birds,54,53,3,1,0.9464,0.9815,0.9636,0.9815,1.0000,Yellow-rumped Warbler (Winter/juvenile Myrtle) (1)
182,Burrowing Owl,Burrowing Owl,Owls,43,40,0,3,1.0000,0.9302,0.9639,0.9302,0.9767,Barred Owl (1)
295,Orchard Oriole (Adult Male),Orchard Oriole,Perching Birds,42,40,1,2,0.9756,0.9524,0.9639,0.9524,1.0000,Baltimore Oriole (Adult male) (1)
305,Blackpoll Warbler (Breeding male),Blackpoll Warbler,Perching Birds,43,40,0,3,1.0000,0.9302,0.9639,0.9302,1.0000,Black-and-white Warbler (2)
397,Brown Thrasher,Brown Thrasher,Perching Birds,57,54,1,3,0.9818,0.9474,0.9643,0.9474,0.9825,Carolina Wren (2)
118,American White Pelican,American White Pelican,"Pelicans, Herons, Ibises, and Allies",28,27,1,1,0.9643,0.9643,0.9643,0.9643,0.9643,Pacific Loon (Nonbreeding/juvenile) (1)
196,Red-breasted Sapsucker,Red-breasted Sapsucker,Woodpeckers,42,41,2,1,0.9535,0.9762,0.9647,0.9762,1.0000,Red-naped Sapsucker (1)
14,Green-winged Teal (Male),Green-winged Teal,"Ducks, Geese, and Swans",41,41,3,0,0.9318,1.0000,0.9647,1.0000,1.0000,
431,Green-tailed Towhee,Green-tailed Towhee,Perching Birds,28,28,2,0,0.9333,1.0000,0.9655,1.0000,1.0000,
404,Ovenbird,Ovenbird,Perching Birds,60,57,1,3,0.9828,0.9500,0.9661,0.9500,1.0000,Wood Thrush (1)
422,Yellow-throated Warbler,Yellow-throated Warbler,Perching Birds,60,57,1,3,0.9828,0.9500,0.9661,0.9500,0.9500,Hairy Woodpecker (1)
337,Lesser Goldfinch (Adult Male),Lesser Goldfinch,Perching Birds,59,57,2,2,0.9661,0.9661,0.9661,0.9661,0.9831,European Starling (Breeding Adult) (1)
109,Wild Turkey,Wild Turkey,"Grouse, Quail, and Allies",60,57,1,3,0.9828,0.9500,0.9661,0.9500,0.9833,Turkey Vulture (1)
110,Pied-billed Grebe,Pied-billed Grebe,Grebes,60,57,1,3,0.9828,0.9500,0.9661,0.9500,0.9833,Canvasback (Female/Eclipse male) (1)
498,Clark's Nutcracker,Clark's Nutcracker,Perching Birds,46,43,0,3,1.0000,0.9348,0.9663,0.9348,1.0000,Gray Jay (2)
184,Northern Saw-whet Owl,Northern Saw-whet Owl,Owls,45,43,1,2,0.9773,0.9556,0.9663,0.9556,0.9778,Barn Owl (1)
45,Yellow-crowned Night-Heron (Adult),Yellow-crowned Night-Heron,"Pelicans, Herons, Ibises, and Allies",60,58,2,2,0.9667,0.9667,0.9667,0.9667,1.0000,Little Blue Heron (Adult) (1)
430,Yellow-breasted Chat,Yellow-breasted Chat,Perching Birds,60,58,2,2,0.9667,0.9667,0.9667,0.9667,1.0000,Nashville Warbler (1)
360,Bridled Titmouse,Bridled Titmouse,Perching Birds,31,29,0,2,1.0000,0.9355,0.9667,0.9355,1.0000,Mountain Chickadee (2)
318,Black-headed Grosbeak (Adult Male),Black-headed Grosbeak,Perching Birds,58,58,4,0,0.9355,1.0000,0.9667,1.0000,1.0000,
494,Blue Jay,Blue Jay,Perching Birds,60,58,2,2,0.9667,0.9667,0.9667,0.9667,1.0000,Cedar Waxwing (1)
121,Great Egret,Great Egret,"Pelicans, Herons, Ibises, and Allies",60,58,2,2,0.9667,0.9667,0.9667,0.9667,0.9833,White Ibis (Adult) (1)
396,Northern Mockingbird,Northern Mockingbird,Perching Birds,60,58,2,2,0.9667,0.9667,0.9667,0.9667,1.0000,Curve-billed Thrasher (1)
155,Marbled Godwit,Marbled Godwit,"Plovers, Sandpipers, and Allies",60,58,2,2,0.9667,0.9667,0.9667,0.9667,1.0000,Reddish Egret (Dark morph) (1)
55,American Kestrel (Adult male),American Kestrel,Caracaras and Falcons,60,59,3,1,0.9516,0.9833,0.9672,0.9833,1.0000,"American Kestrel (Female, immature) (1)"
447,Lincoln's Sparrow,Lincoln's Sparrow,Perching Birds,60,59,3,1,0.9516,0.9833,0.9672,0.9833,1.0000,Swamp Sparrow (1)
338,American Goldfinch (Breeding Male),American Goldfinch,Perching Birds,60,60,4,0,0.9375,1.0000,0.9677,1.0000,1.0000,
300,Common Yellowthroat (Adult Male),Common Yellowthroat,Perching Birds,60,60,4,0,0.9375,1.0000,0.9677,1.0000,1.0000,
173,Yellow-billed Cuckoo,Yellow-billed Cuckoo,Cuckoos,47,45,1,2,0.9783,0.9574,0.9677,0.9574,1.0000,Black-billed Cuckoo (2)
472,Black Phoebe,Black Phoebe,Perching Birds,60,60,4,0,0.9375,1.0000,0.9677,1.0000,1.0000,
382,American Dipper,American Dipper,Perching Birds,31,31,2,0,0.9394,1.0000,0.9688,1.0000,1.0000,
145,American Oystercatcher,American Oystercatcher,"Plovers, Sandpipers, and Allies",49,47,1,2,0.9792,0.9592,0.9691,0.9592,0.9592,Ruddy Turnstone (1)
107,Northern Bobwhite,Northern Bobwhite,"Grouse, Quail, and Allies",32,32,2,0,0.9412,1.0000,0.9697,1.0000,1.0000,
325,Yellow-headed Blackbird (Adult Male),Yellow-headed Blackbird,Perching Birds,49,49,3,0,0.9423,1.0000,0.9703,1.0000,1.0000,
530,Bobolink (Female/juvenile/nonbreeding male),Bobolink,Perching Birds,33,33,2,0,0.9429,1.0000,0.9706,1.0000,1.0000,
441,Field Sparrow,Field Sparrow,Perching Birds,51,50,2,1,0.9615,0.9804,0.9709,0.9804,1.0000,House Sparrow (Female/Juvenile) (1)
296,Purple Martin (Adult male),Purple Martin,Perching Birds,35,34,1,1,0.9714,0.9714,0.9714,0.9714,0.9714,Common Raven (1)
31,Gambel's Quail (Male),Gambel's Quail,"Grouse, Quail, and Allies",35,35,2,0,0.9459,1.0000,0.9722,1.0000,1.0000,
23,Black Scoter (Male),Black Scoter,"Ducks, Geese, and Swans",19,18,0,1,1.0000,0.9474,0.9730,0.9474,0.9474,Black Tern (1)
11,Cinnamon Teal (Male),Cinnamon Teal,"Ducks, Geese, and Swans",55,54,2,1,0.9643,0.9818,0.9730,0.9818,1.0000,Canvasback (Breeding male) (1)
307,Lark Bunting (Breeding male),Lark Bunting,Perching Birds,19,18,0,1,1.0000,0.9474,0.9730,0.9474,1.0000,Bobolink (Breeding male) (1)
148,American Avocet,American Avocet,"Plovers, Sandpipers, and Allies",54,54,3,0,0.9474,1.0000,0.9730,1.0000,1.0000,
474,Say's Phoebe,Say's Phoebe,Perching Birds,58,55,0,3,1.0000,0.9483,0.9735,0.9483,0.9828,Eastern Phoebe (1)
79,Heermann's Gull (Adult),Heermann's Gull,"Gulls, Terns, and Allies",39,37,0,2,1.0000,0.9487,0.9737,0.9487,1.0000,Heermann's Gull (Immature) (1)
375,Bewick's Wren,Bewick's Wren,Perching Birds,58,57,2,1,0.9661,0.9828,0.9744,0.9828,1.0000,House Wren (1)
144,Killdeer,Killdeer,"Plovers, Sandpipers, and Allies",60,57,0,3,1.0000,0.9500,0.9744,0.9500,0.9833,Ruddy Turnstone (1)
402,Bohemian Waxwing,Bohemian Waxwing,Perching Birds,60,57,0,3,1.0000,0.9500,0.9744,0.9500,0.9833,Cedar Waxwing (2)
529,Painted Bunting (Female/juvenile),Painted Bunting,Perching Birds,39,38,1,1,0.9744,0.9744,0.9744,0.9744,1.0000,Monk Parakeet (1)
185,Common Nighthawk,Common Nighthawk,Nightjars,39,38,1,1,0.9744,0.9744,0.9744,0.9744,0.9744,Red-shouldered Hawk (Adult ) (1)
452,Dickcissel,Dickcissel,Perching Birds,60,57,0,3,1.0000,0.9500,0.9744,0.9500,0.9833,Bobolink (Female/juvenile/nonbreeding male) (2)
443,Lark Sparrow,Lark Sparrow,Perching Birds,59,58,2,1,0.9667,0.9831,0.9748,0.9831,0.9831,Chipping Sparrow (Immature/nonbreeding adult) (1)
324,Red-winged Blackbird (Male),Red-winged Blackbird,Perching Birds,59,58,2,1,0.9667,0.9831,0.9748,0.9831,1.0000,Bronzed Cowbird (1)
108,Ruffed Grouse,Ruffed Grouse,"Grouse, Quail, and Allies",40,39,1,1,0.9750,0.9750,0.9750,0.9750,1.0000,Eastern Screech-Owl (1)
504,American Robin (Juvenile),American Robin,Perching Birds,60,59,2,1,0.9672,0.9833,0.9752,0.9833,1.0000,European Starling (Juvenile) (1)
166,Band-tailed Pigeon,Band-tailed Pigeon,Pigeons and Doves,40,40,2,0,0.9524,1.0000,0.9756,1.0000,1.0000,
531,Red-winged Blackbird (Female/juvenile),Red-winged Blackbird,Perching Birds,60,60,3,0,0.9524,1.0000,0.9756,1.0000,1.0000,
408,Black-and-white Warbler,Black-and-white Warbler,Perching Birds,60,60,3,0,0.9524,1.0000,0.9756,1.0000,1.0000,
334,House Finch (Adult Male),House Finch,Perching Birds,60,60,3,0,0.9524,1.0000,0.9756,1.0000,1.0000,
327,Brown-headed Cowbird (Male),Brown-headed Cowbird,Perching Birds,60,60,3,0,0.9524,1.0000,0.9756,1.0000,1.0000,
424,Black-throated Gray Warbler,Black-throated Gray Warbler,Perching Birds,41,40,1,1,0.9756,0.9756,0.9756,0.9756,1.0000,Brown-headed Nuthatch (1)
372,Cactus Wren,Cactus Wren,Perching Birds,43,41,0,2,1.0000,0.9535,0.9762,0.9535,1.0000,Carolina Wren (1)
269,Black-bellied Plover (Nonbreeding/juvenile),Black-bellied Plover,"Plovers, Sandpipers, and Allies",42,42,2,0,0.9545,1.0000,0.9767,1.0000,1.0000,
320,Lazuli Bunting (Adult Male),Lazuli Bunting,Perching Birds,46,44,0,2,1.0000,0.9565,0.9778,0.9565,1.0000,Indigo Bunting (Adult Male) (2)
216,Wood Duck (Female/Eclipse male),Wood Duck,"Ducks, Geese, and Swans",46,44,0,2,1.0000,0.9565,0.9778,0.9565,1.0000,Blue-winged Teal (Male) (1)
180,Snowy Owl,Snowy Owl,Owls,46,45,1,1,0.9783,0.9783,0.9783,0.9783,0.9783,Forster's Tern (1)
409,Prothonotary Warbler,Prothonotary Warbler,Perching Birds,46,45,1,1,0.9783,0.9783,0.9783,0.9783,1.0000,Yellow-breasted Chat (1)
181,Northern Pygmy-Owl,Northern Pygmy-Owl,Owls,50,50,2,0,0.9615,1.0000,0.9804,1.0000,1.0000,
131,Osprey,Osprey,"Hawks, Kites, Eagles, and Allies",52,52,2,0,0.9630,1.0000,0.9811,1.0000,1.0000,
373,Canyon Wren,Canyon Wren,Perching Birds,26,26,1,0,0.9630,1.0000,0.9811,1.0000,1.0000,
163,Wilson's Snipe,Wilson's Snipe,"Plovers, Sandpipers, and Allies",55,55,2,0,0.9649,1.0000,0.9821,1.0000,1.0000,
483,White-eyed Vireo,White-eyed Vireo,Perching Birds,57,56,1,1,0.9825,0.9825,0.9825,0.9825,1.0000,Blue-headed Vireo (1)
172,Monk Parakeet,Monk Parakeet,Parrots,28,28,1,0,0.9655,1.0000,0.9825,1.0000,1.0000,
371,Brown Creeper,Brown Creeper,Perching Birds,58,57,1,1,0.9828,0.9828,0.9828,0.9828,1.0000,White-breasted Nuthatch (1)
0,Common Eider (Adult male),Common Eider,"Ducks, Geese, and Swans",29,29,1,0,0.9667,1.0000,0.9831,1.0000,1.0000,
367,Red-breasted Nuthatch,Red-breasted Nuthatch,Perching Birds,60,58,0,2,1.0000,0.9667,0.9831,0.9667,1.0000,White-breasted Nuthatch (2)
306,Black-throated Blue Warbler (Adult Male),Black-throated Blue Warbler,Perching Birds,59,58,1,1,0.9831,0.9831,0.9831,0.9831,1.0000,Black-throated Gray Warbler (1)
493,Steller's Jay,Steller's Jay,Perching Birds,60,59,1,1,0.9833,0.9833,0.9833,0.9833,1.0000,Black-billed Magpie (1)
428,Canada Warbler,Canada Warbler,Perching Birds,60,59,1,1,0.9833,0.9833,0.9833,0.9833,1.0000,Magnolia Warbler (Female/immature male) (1)
189,Belted Kingfisher,Belted Kingfisher,Kingfishers and Allies,60,59,1,1,0.9833,0.9833,0.9833,0.9833,1.0000,Blue Jay (1)
546,Evening Grosbeak (Female/Juvenile),Evening Grosbeak,Perching Birds,60,59,1,1,0.9833,0.9833,0.9833,0.9833,1.0000,American Goldfinch (Female/Nonbreeding Male) (1)
310,White-crowned Sparrow (Adult),White-crowned Sparrow,Perching Birds,60,60,2,0,0.9677,1.0000,0.9836,1.0000,1.0000,
317,Rose-breasted Grosbeak (Adult Male),Rose-breasted Grosbeak,Perching Birds,60,60,2,0,0.9677,1.0000,0.9836,1.0000,1.0000,
95,Brant,Brant,"Ducks, Geese, and Swans",32,32,1,0,0.9697,1.0000,0.9846,1.0000,1.0000,
513,Black-throated Blue Warbler (Female/Immature male),Black-throated Blue Warbler,Perching Birds,32,32,1,0,0.9697,1.0000,0.9846,1.0000,1.0000,
147,Black-necked Stilt,Black-necked Stilt,"Plovers, Sandpipers, and Allies",33,33,1,0,0.9706,1.0000,0.9851,1.0000,1.0000,
59,Black-bellied Plover (Breeding),Black-bellied Plover,"Plovers, Sandpipers, and Allies",35,34,0,1,1.0000,0.9714,0.9855,0.9714,1.0000,Black-bellied Plover (Nonbreeding/juvenile) (1)
119,Brown Pelican,Brown Pelican,"Pelicans, Herons, Ibises, and Allies",34,34,1,0,0.9714,1.0000,0.9855,1.0000,1.0000,
175,Greater Roadrunner,Greater Roadrunner,Cuckoos,34,34,1,0,0.9714,1.0000,0.9855,1.0000,1.0000,
480,Scissor-tailed Flycatcher,Scissor-tailed Flycatcher,Perching Birds,37,37,1,0,0.9737,1.0000,0.9867,1.0000,1.0000,
475,Ash-throated Flycatcher,Ash-throated Flycatcher,Perching Birds,41,40,0,1,1.0000,0.9756,0.9877,0.9756,1.0000,Eastern Phoebe (1)
179,Great Horned Owl,Great Horned Owl,Owls,46,45,0,1,1.0000,0.9783,0.9890,0.9783,1.0000,"Bald Eagle (Immature, juvenile) (1)"
451,Pyrrhuloxia,Pyrrhuloxia,Perching Birds,48,48,1,0,0.9796,1.0000,0.9897,1.0000,1.0000,
383,Golden-crowned Kinglet,Golden-crowned Kinglet,Perching Birds,51,50,0,1,1.0000,0.9804,0.9901,0.9804,1.0000,Ruby-crowned Kinglet (1)
294,Summer Tanager (Adult Male),Summer Tanager,Perching Birds,50,50,1,0,0.9804,1.0000,0.9901,1.0000,1.0000,
143,Semipalmated Plover,Semipalmated Plover,"Plovers, Sandpipers, and Allies",54,54,1,0,0.9818,1.0000,0.9908,1.0000,1.0000,
323,Bobolink (Breeding male),Bobolink,Perching Birds,55,55,1,0,0.9821,1.0000,0.9910,1.0000,1.0000,
30,California Quail (Male),California Quail,"Grouse, Quail, and Allies",56,56,1,0,0.9825,1.0000,0.9912,1.0000,1.0000,
190,Acorn Woodpecker,Acorn Woodpecker,Woodpeckers,58,57,0,1,1.0000,0.9828,0.9913,0.9828,1.0000,Pileated Woodpecker (1)
401,American Pipit,American Pipit,Perching Birds,58,58,1,0,0.9831,1.0000,0.9915,1.0000,1.0000,
302,Magnolia Warbler (Breeding male),Magnolia Warbler,Perching Birds,60,59,0,1,1.0000,0.9833,0.9916,0.9833,1.0000,Mourning Warbler (1)
438,American Tree Sparrow,American Tree Sparrow,Perching Birds,59,59,1,0,0.9833,1.0000,0.9916,1.0000,1.0000,
523,Northern Cardinal (Female/Juvenile),Northern Cardinal,Perching Birds,60,59,0,1,1.0000,0.9833,0.9916,0.9833,1.0000,California Towhee (1)
125,Green Heron,Green Heron,"Pelicans, Herons, Ibises, and Allies",60,60,1,0,0.9836,1.0000,0.9917,1.0000,1.0000,
44,Black-crowned Night-Heron (Adult),Black-crowned Night-Heron,"Pelicans, Herons, Ibises, and Allies",60,60,1,0,0.9836,1.0000,0.9917,1.0000,1.0000,
301,American Redstart (Adult Male),American Redstart,Perching Birds,60,60,1,0,0.9836,1.0000,0.9917,1.0000,1.0000,
213,Black-bellied Whistling-Duck,Black-bellied Whistling-Duck,"Ducks, Geese, and Swans",20,20,0,0,1.0000,1.0000,1.0000,1.0000,1.0000,
297,American Robin (Adult),American Robin,Perching Birds,59,59,0,0,1.0000,1.0000,1.0000,1.0000,1.0000,
314,Scarlet Tanager (Breeding Male),Scarlet Tanager,Perching Birds,49,49,0,0,1.0000,1.0000,1.0000,1.0000,1.0000,
339,Evening Grosbeak (Adult Male),Evening Grosbeak,Perching Birds,60,60,0,0,1.0000,1.0000,1.0000,1.0000,1.0000,
322,Painted Bunting (Adult Male),Painted Bunting,Perching Birds,59,59,0,0,1.0000,1.0000,1.0000,1.0000,1.0000,
341,Vermilion Flycatcher (Adult male),Vermilion Flycatcher,Perching Birds,53,53,0,0,1.0000,1.0000,1.0000,1.0000,1.0000,
316,Northern Cardinal (Adult Male),Northern Cardinal,Perching Birds,60,60,0,0,1.0000,1.0000,1.0000,1.0000,1.0000,
354,Barn Swallow,Barn Swallow,Perching Birds,57,57,0,0,1.0000,1.0000,1.0000,1.0000,1.0000,
20,Harlequin Duck (Male),Harlequin Duck,"Ducks, Geese, and Swans",43,43,0,0,1.0000,1.0000,1.0000,1.0000,1.0000,
476,Great Crested Flycatcher,Great Crested Flycatcher,Perching Birds,53,53,0,0,1.0000,1.0000,1.0000,1.0000,1.0000,
407,Blue-winged Warbler,Blue-winged Warbler,Perching Birds,38,38,0,0,1.0000,1.0000,1.0000,1.0000,1.0000,
94,Greater White-fronted Goose,Greater White-fronted Goose,"Ducks, Geese, and Swans",33,33,0,0,1.0000,1.0000,1.0000,1.0000,1.0000,
128,Roseate Spoonbill,Roseate Spoonbill,"Pelicans, Herons, Ibises, and Allies",29,29,0,0,1.0000,1.0000,1.0000,1.0000,1.0000,
6,Wood Duck (Breeding male),Wood Duck,"Ducks, Geese, and Swans",60,60,0,0,1.0000,1.0000,1.0000,1.0000,1.0000,
