run,n_test,n_classes,top1_accuracy,top5_accuracy,balanced_accuracy,cohen_kappa,macro_precision,macro_recall,macro_f1,micro_precision,micro_recall,micro_f1,weighted_precision,weighted_recall,weighted_f1,species_404_accuracy,order_22_accuracy,model,level,space,taxo,n_unique_texts,n_multileaf_imgs,species_acc_on_multileaf,variant_acc,variant_prior,variant_gain,oracle_variant_n,oracle_variant_acc,oracle_variant_random,oracle_variant_prior,oracle_variant_gain,vp_n_leaves,vp_bal,vp_chance,vp81_n_leaves,vp81_bal,vp81_chance,errors_total,errors_within_same_species_pct,errors_within_same_order_pct
clip_b16_T0d_leaf,24633,555,0.4418868996874112,0.7965737019445459,0.41637186958307004,0.44081850617007623,0.45104875602563343,0.41637186958307004,0.39730366700324676,0.4418868996874112,0.4418868996874112,0.4418868996874112,0.4921096644846174,0.4418868996874112,0.43024142826144934,0.509276174237811,0.9541265781674989,clip_b16,T0d,leaf,gbif,555.0,11955.0,0.5008782936010038,0.7227788911155645,0.562107904642409,0.16067098647315547,11955.0,0.7073191133416981,0.4774208838700683,0.562107904642409,0.14521120869928905,288.0,0.6991638308028312,0.4756944444444444,167.0,0.7635189482131227,0.48502994011976047,13748.0,12.074483561245271,91.78062263601979
clip_b16_T0d_species,24633,404,0.508667235009946,0.8398895790200138,,,,,,,,,,,,,,clip_b16,T0d,species,gbif,,,,,,,,,,,,,,,,,,,,
clip_b16_T0s_leaf,24633,555,0.4403442536434864,0.8014452157674664,0.41899115147116683,0.43928331171924373,0.46739030849471747,0.41899115147116683,0.4017132964736371,0.4403442536434864,0.4403442536434864,0.4403442536434864,0.5075614048879298,0.4403442536434864,0.4315935314555246,0.5073275687086429,0.9547761133438882,clip_b16,T0s,leaf,gbif,555.0,11955.0,0.5074864073609369,0.7280369210482941,0.562107904642409,0.1659290164058851,11955.0,0.7205353408615642,0.4774208838700683,0.562107904642409,0.15842743621915523,288.0,0.719738118672759,0.4756944444444444,167.0,0.7990003548391064,0.48502994011976047,13786.0,11.968663861888873,91.91933845930654
clip_b16_T0s_species,24633,404,0.508667235009946,0.8398895790200138,,,,,,,,,,,,,,clip_b16,T0s,species,gbif,,,,,,,,,,,,,,,,,,,,
clip_b16_T0sx_leaf,24633,555,0.4115211301912069,0.7705922948889701,0.3876931823836511,0.4104020016163652,0.4250929139079589,0.3876931823836511,0.36829229004839653,0.4115211301912069,0.4115211301912069,0.4115211301912069,0.4662452926809114,0.4115211301912069,0.39960108002156997,0.4834165550278082,0.9532334672999635,clip_b16,T0sx,leaf,gbif,555.0,11955.0,0.4534504391468005,0.6733075078398819,0.562107904642409,0.11119960319747291,11955.0,0.6501045587620242,0.4774208838700683,0.562107904642409,0.08799665411961521,288.0,0.6430917737736643,0.4756944444444444,167.0,0.6668198318993502,0.48502994011976047,14496.0,12.217163355408388,92.05298013245033
clip_b16_T0sx_species,24633,404,0.508667235009946,0.8398895790200138,,,,,,,,,,,,,,clip_b16,T0sx,species,gbif,,,,,,,,,,,,,,,,,,,,
clip_b16_T3a_leaf,24633,555,0.3439694718467097,0.7069378476028092,0.3272643890126077,0.34272794698184084,0.36932157395211745,0.3272643890126077,0.2933183259740614,0.3439694718467097,0.3439694718467097,0.3439694718467097,0.40703626500844264,0.3439694718467097,0.3164513755487695,0.429586327284537,0.944261762676085,clip_b16,T3a,leaf,gbif,555.0,11955.0,0.4404851526557926,0.5995062666160274,0.562107904642409,0.037398361973618344,11955.0,0.6341279799247177,0.4774208838700683,0.562107904642409,0.0720200752823087,288.0,0.6472931422832912,0.4756944444444444,167.0,0.6805990238398782,0.48502994011976047,16160.0,13.050742574257427,91.50371287128712
clip_b16_T3a_species,24633,404,0.41456582633053224,0.7604433077578857,,,,,,,,,,,,,,clip_b16,T3a,species,gbif,,,,,,,,,,,,,,,,,,,,
clip_b16_T3b_leaf,24633,555,0.3544432265659887,0.7150164413591523,0.34153710391276243,0.3532336683953865,0.39353225387101376,0.34153710391276243,0.31043590868031185,0.3544432265659887,0.3544432265659887,0.3544432265659887,0.4285563284157213,0.3544432265659887,0.33085384093850334,0.4282466609832339,0.9436528234482199,clip_b16,T3b,leaf,gbif,555.0,11955.0,0.4439146800501882,0.6574335782928208,0.562107904642409,0.09532567365041178,11955.0,0.6878293601003764,0.4774208838700683,0.562107904642409,0.12572145545796742,288.0,0.7016657438620862,0.4756944444444444,167.0,0.7743673427302552,0.48502994011976047,15902.0,11.432524210791096,91.2715381712992
clip_b16_T3b_species,24633,404,0.41456582633053224,0.7604433077578857,,,,,,,,,,,,,,clip_b16,T3b,species,gbif,,,,,,,,,,,,,,,,,,,,
clip_b16_T3bx_leaf,24633,555,0.3222100434376649,0.6774651889741404,0.3063975131329436,0.32092404503201655,0.33672786817657696,0.3063975131329436,0.27154465337435996,0.3222100434376649,0.3222100434376649,0.3222100434376649,0.3713870902701314,0.3222100434376649,0.29325089433878965,0.4058376973977997,0.9420289855072463,clip_b16,T3bx,leaf,gbif,555.0,11955.0,0.3947302383939774,0.5634668361941089,0.562107904642409,0.0013589315516998601,11955.0,0.5834378920953576,0.4774208838700683,0.562107904642409,0.021329987452948562,288.0,0.5969808094201441,0.4756944444444444,167.0,0.5938328450100194,0.48502994011976047,16696.0,12.338284619070436,91.44705318639194
clip_b16_T3bx_species,24633,404,0.41456582633053224,0.7604433077578857,,,,,,,,,,,,,,clip_b16,T3bx,species,gbif,,,,,,,,,,,,,,,,,,,,
bioclip_T0d_leaf,24633,555,0.4562984614135509,0.546340275240531,0.42338491213004553,0.4552247818415307,0.3123905708877286,0.42338491213004553,0.32694780935493,0.4562984614135509,0.4562984614135509,0.4562984614135509,0.3416298295669026,0.4562984614135509,0.3581809823271718,0.47460723419802703,0.8607153006129988,bioclip,T0d,leaf,tol,555.0,11955.0,0.08055207026348808,0.5316718587746625,0.562107904642409,-0.03043604586774651,11955.0,0.5617733166039314,0.4774208838700683,0.562107904642409,-0.0003345880384776345,288.0,0.5565384243282417,0.4756944444444444,167.0,0.5920843220666313,0.48502994011976047,13393.0,3.367430747405361,74.38213992384081
bioclip_T0d_species,24633,404,0.8135834043762432,0.9626517273576097,,,,,,,,,,,,,,bioclip,T0d,species,tol,,,,,,,,,,,,,,,,,,,,
bioclip_T0s_leaf,24633,555,0.4642146713757967,0.5690740064141598,0.4316815604482049,0.4631553859938301,0.3405717055082054,0.4316815604482049,0.3392756645071793,0.4642146713757967,0.4642146713757967,0.4642146713757967,0.3683948361309089,0.4642146713757967,0.3700539359885556,0.484350261843868,0.8724475297365323,bioclip,T0s,leaf,tol,555.0,11955.0,0.10079464659138436,0.5883817427385892,0.562107904642409,0.026273838096180224,11955.0,0.5902969468841489,0.4774208838700683,0.562107904642409,0.028189042241739903,288.0,0.5765314222780125,0.4756944444444444,167.0,0.6265632646386914,0.48502994011976047,13198.0,3.758145173511138,76.19336263070163
bioclip_T0s_species,24633,404,0.8135834043762432,0.9626517273576097,,,,,,,,,,,,,,bioclip,T0s,species,tol,,,,,,,,,,,,,,,,,,,,
bioclip_T0sx_leaf,24633,555,0.45499939106077214,0.5472333861080664,0.42202869464155585,0.4539228070874889,0.3150640872061638,0.42202869464155585,0.32586035782600464,0.45499939106077214,0.45499939106077214,0.45499939106077214,0.3444578876047203,0.45499939106077214,0.35695953473862,0.47517557747736777,0.8696870052368774,bioclip,T0sx,leaf,tol,555.0,11955.0,0.08163948138854037,0.49077868852459017,0.562107904642409,-0.07132921611781884,11955.0,0.5417816813048933,0.4774208838700683,0.562107904642409,-0.02032622333751566,288.0,0.5296259167488858,0.4756944444444444,167.0,0.5456723329477421,0.48502994011976047,13425.0,3.702048417132216,76.08938547486034
bioclip_T0sx_species,24633,404,0.8135834043762432,0.9626517273576097,,,,,,,,,,,,,,bioclip,T0sx,species,tol,,,,,,,,,,,,,,,,,,,,
bioclip_T3a_leaf,24633,555,0.581009215280315,0.8491454552835627,0.5495909299136539,0.5801921911077659,0.5367829275509781,0.5495909299136539,0.4944900823573391,0.581009215280315,0.581009215280315,0.581009215280315,0.575151436782226,0.581009215280315,0.5305142622774545,0.7049486461251168,0.9603377582917225,bioclip,T3a,leaf,tol,555.0,11955.0,0.5662902551233794,0.54903988183161,0.562107904642409,-0.013068022810798996,11955.0,0.5403596821413634,0.4774208838700683,0.562107904642409,-0.021748222501045578,288.0,0.5316505555567539,0.4756944444444444,167.0,0.556439567448568,0.48502994011976047,10321.0,29.580467009010754,90.53386299777154
bioclip_T3a_species,24633,404,0.8185361100962124,0.9700807859375634,,,,,,,,,,,,,,bioclip,T3a,species,tol,,,,,,,,,,,,,,,,,,,,
bioclip_T3b_leaf,24633,555,0.60398652214509,0.8715138229204725,0.5712793903319237,0.6032109729299449,0.5741065453457354,0.5712793903319237,0.5213051360028869,0.60398652214509,0.60398652214509,0.60398652214509,0.6107022704397236,0.60398652214509,0.5582620577286037,0.71761458206471,0.9649251004749726,bioclip,T3b,leaf,tol,555.0,11955.0,0.5928063571727311,0.6050515027515169,0.562107904642409,0.04294359810910786,11955.0,0.5826014219991635,0.4774208838700683,0.562107904642409,0.02049351735675453,288.0,0.5740705557929324,0.4756944444444444,167.0,0.6295950169576662,0.48502994011976047,9755.0,28.692977960020507,91.14300358790364
bioclip_T3b_species,24633,404,0.8185361100962124,0.9700807859375634,,,,,,,,,,,,,,bioclip,T3b,species,tol,,,,,,,,,,,,,,,,,,,,
bioclip_T3bx_leaf,24633,555,0.5855153655665165,0.8575082206795762,0.5529631386514838,0.5847060112125363,0.5393366908077154,0.5529631386514838,0.49600378821135394,0.5855153655665165,0.5855153655665165,0.5855153655665165,0.5769197452996936,0.5855153655665165,0.5331865314886681,0.7115657857345837,0.9652092721146429,bioclip,T3bx,leaf,tol,555.0,11955.0,0.5799247176913426,0.552141929900476,0.562107904642409,-0.009965974741933059,11955.0,0.5359263906315349,0.4774208838700683,0.562107904642409,-0.026181514010874096,288.0,0.526926683013171,0.4756944444444444,167.0,0.5482930088105329,0.48502994011976047,10210.0,30.411361410381975,91.60626836434868
bioclip_T3bx_species,24633,404,0.8185361100962124,0.9700807859375634,,,,,,,,,,,,,,bioclip,T3bx,species,tol,,,,,,,,,,,,,,,,,,,,
bioclip2_T0d_leaf,24633,555,0.7439207567084805,0.9801891771201234,0.71242124228763,0.7434185979969196,0.6972204497822023,0.71242124228763,0.6598899334953203,0.7439207567084805,0.7439207567084805,0.7439207567084805,0.7340522228479822,0.7439207567084805,0.6982129675638543,0.938009986603337,0.9981325863678805,bioclip2,T0d,leaf,tol,555.0,11955.0,0.9154328732747804,0.563139619883041,0.562107904642409,0.0010317152406319474,11955.0,0.5617733166039314,0.4774208838700683,0.562107904642409,-0.0003345880384776345,288.0,0.5412169055418481,0.4756944444444444,167.0,0.5628972615743546,0.48502994011976047,6308.0,75.79264426125555,99.2707672796449
bioclip2_T0d_species,24633,404,0.9566435269760077,0.9981325863678805,,,,,,,,,,,,,,bioclip2,T0d,species,tol,,,,,,,,,,,,,,,,,,,,
bioclip2_T0s_leaf,24633,555,0.7436365850688101,0.979539641943734,0.7262457657357664,0.7431431844556107,0.7222009994909135,0.7262457657357664,0.676635076448157,0.7436365850688101,0.7436365850688101,0.7436365850688101,0.7561399795926179,0.7436365850688101,0.7058034200248113,0.9290382819794585,0.9981731823164048,bioclip2,T0s,leaf,tol,555.0,11955.0,0.8970305311585111,0.5741327862737784,0.562107904642409,0.012024881631369388,11955.0,0.5826850690087829,0.4774208838700683,0.562107904642409,0.020577164366373912,288.0,0.5857863911093198,0.4756944444444444,167.0,0.6397596079422101,0.48502994011976047,6315.0,72.31987331749802,99.2874109263658
bioclip2_T0s_species,24633,404,0.9566435269760077,0.9981325863678805,,,,,,,,,,,,,,bioclip2,T0s,species,tol,,,,,,,,,,,,,,,,,,,,
bioclip2_T0sx_leaf,24633,555,0.7073844030365769,0.9682133723054439,0.6866745493981701,0.7068252068067622,0.6520355979422174,0.6866745493981701,0.6241985808542759,0.7073844030365769,0.7073844030365769,0.7073844030365769,0.6887997375579136,0.7073844030365769,0.6574304515714343,0.9187269110542767,0.996995899809199,bioclip2,T0sx,leaf,tol,555.0,11955.0,0.8758678377248014,0.5028173049374463,0.562107904642409,-0.059290599704962754,11955.0,0.5128398159765788,0.4774208838700683,0.562107904642409,-0.04926808866583021,288.0,0.5202412853090009,0.4756944444444444,167.0,0.5267237368614205,0.48502994011976047,7208.0,72.2253052164262,98.97336293007768
bioclip2_T0sx_species,24633,404,0.9566435269760077,0.9981325863678805,,,,,,,,,,,,,,bioclip2,T0sx,species,tol,,,,,,,,,,,,,,,,,,,,
bioclip2_T3a_leaf,24633,555,0.7608492672431292,0.9896886290748184,0.7317408034496192,0.7603759658464331,0.7231174715158061,0.7317408034496192,0.6822890476669161,0.7608492672431292,0.7608492672431292,0.7608492672431292,0.7518736831444743,0.7608492672431292,0.7146419255946517,0.9489302967563837,0.9987821215442699,bioclip2,T3a,leaf,tol,555.0,11955.0,0.9427854454203263,0.5889450802945613,0.562107904642409,0.026837175652152268,11955.0,0.5798410706817231,0.4774208838700683,0.562107904642409,0.017733166039314074,288.0,0.5553608735830401,0.4756944444444444,167.0,0.5713826142045342,0.48502994011976047,5891.0,78.64539127482601,99.49074859955866
bioclip2_T3a_species,24633,404,0.9523403564324281,0.996386960581334,,,,,,,,,,,,,,bioclip2,T3a,species,tol,,,,,,,,,,,,,,,,,,,,
bioclip2_T3b_leaf,24633,555,0.7660861446027687,0.9891202857954776,0.7480761305896473,0.7656316117966586,0.7434544912703317,0.7480761305896473,0.7008717709530146,0.7660861446027687,0.7660861446027687,0.7660861446027687,0.7717439766160116,0.7660861446027687,0.7279122565101767,0.9462915601023018,0.9987009296472212,bioclip2,T3b,leaf,tol,555.0,11955.0,0.9374320368046842,0.6039082716159543,0.562107904642409,0.04180036697354528,11955.0,0.5985780008364701,0.4774208838700683,0.562107904642409,0.03647009619406105,288.0,0.5952497438063875,0.4756944444444444,167.0,0.6401730011765346,0.48502994011976047,5762.0,77.0392224921902,99.44463727872267
bioclip2_T3b_species,24633,404,0.9523403564324281,0.996386960581334,,,,,,,,,,,,,,bioclip2,T3b,species,tol,,,,,,,,,,,,,,,,,,,,
bioclip2_T3bx_leaf,24633,555,0.7401859294442414,0.9898510128689156,0.7224336580731131,0.7396858846421552,0.7063431807595686,0.7224336580731131,0.6665861020455242,0.7401859294442414,0.7401859294442414,0.7401859294442414,0.7403426896602232,0.7401859294442414,0.6949028421487549,0.9456826208744368,0.9985791418016482,bioclip2,T3bx,leaf,tol,555.0,11955.0,0.9360936846507737,0.5476722366187114,0.562107904642409,-0.014435668023697557,11955.0,0.5480552070263488,0.4774208838700683,0.562107904642409,-0.014052697616060206,288.0,0.5491844429760361,0.4756944444444444,167.0,0.5607310452535332,0.48502994011976047,6400.0,79.09375,99.453125
bioclip2_T3bx_species,24633,404,0.9523403564324281,0.996386960581334,,,,,,,,,,,,,,bioclip2,T3bx,species,tol,,,,,,,,,,,,,,,,,,,,
